ID1	ID2	NMARK	NCOMMON	IBD0	IBD1_MAX	IBD1_NSEGS	IBD1	IBD2_MAX	IBD2_NSEGS	IBD2	SEX
24202puebel	24231puebel	10166233	0	0.903262	6636	622	0.095722	919	17	0.001016	00
24202puebel	24237puebel	10166233	0	0.885192	7567	692	0.113000	946	29	0.001807	00
24222puebel	24235puebel	10166233	0	0.898527	7627	640	0.100750	857	12	0.000722	00
24230puebel	24233puebel	10166233	0	0.901432	27098	621	0.097337	852	19	0.001231	00
24231puebel	24233puebel	10166233	0	0.907209	4754	614	0.091794	960	16	0.000997	00
24233puebel	24235puebel	10166233	0	0.900312	7258	639	0.098408	1046	21	0.001280	00
24235puebel	24237puebel	10166233	0	0.892344	7324	660	0.106611	1285	16	0.001045	00
24202puebel	24241puebel	10166233	0	0.886749	7062	708	0.111428	1440	26	0.001822	00
24202puebel	24245puebel	10166233	0	0.885052	10270	705	0.113921	843	16	0.001027	00
24222puebel	24241puebel	10166233	0	0.892312	7980	671	0.106288	1994	21	0.001401	00
24222puebel	24245puebel	10166233	0	0.895236	7281	647	0.103295	1830	22	0.001469	00
24230puebel	24241puebel	10166233	0	0.903635	7884	617	0.095286	836	18	0.001079	00
24230puebel	24245puebel	10166233	0	0.898729	7664	653	0.100130	843	18	0.001140	00
24231puebel	24241puebel	10166233	0	0.904498	8150	613	0.094368	1077	18	0.001133	00
24231puebel	24245puebel	10166233	0	0.904935	6811	601	0.094057	1002	16	0.001007	00
24233puebel	24241puebel	10166233	0	0.896029	8830	655	0.103036	947	15	0.000935	00
24233puebel	24245puebel	10166233	0	0.890610	10439	681	0.107906	976	23	0.001484	00
24235puebel	24241puebel	10166233	0	0.900027	9069	649	0.098704	1531	17	0.001269	00
24235puebel	24245puebel	10166233	0	0.900285	7698	629	0.098491	1414	19	0.001224	00
24236puebel	24241puebel	10166233	0	0.907606	9014	603	0.091202	1468	19	0.001192	00
24236puebel	24245puebel	10166233	0	0.905802	7856	617	0.092971	1277	19	0.001227	00
24237puebel	24241puebel	10166233	0	0.891807	6578	674	0.106834	1047	23	0.001358	00
24237puebel	24245puebel	10166233	0	0.887971	7615	703	0.110419	1302	25	0.001610	00
24238puebel	24242puebel	10166233	0	0.897441	13773	629	0.101056	1347	23	0.001503	00
24238puebel	24246puebel	10166233	0	0.896491	6518	619	0.101967	1238	23	0.001541	00
24239puebel	24244puebel	10166233	0	0.900757	6530	628	0.098379	889	15	0.000863	00
24241puebel	24243puebel	10166233	0	0.899630	7050	644	0.099103	1261	20	0.001267	00
24242puebel	24243puebel	10166233	0	0.902221	7606	602	0.096605	1910	15	0.001174	00
24243puebel	24244puebel	10166233	0	0.905342	6888	606	0.093671	792	16	0.000987	00
24244puebel	24246puebel	10166233	0	0.891934	6380	662	0.107444	676	11	0.000622	00
24202puebel	24249puebel	10166233	0	0.891027	8599	667	0.107740	1278	20	0.001233	00
24202puebel	24259puebel	10166233	0	0.899979	13596	643	0.098914	951	18	0.001108	00
24222puebel	24249puebel	10166233	0	0.893440	10071	641	0.105032	1163	21	0.001528	00
24222puebel	24259puebel	10166233	0	0.894402	9127	653	0.104370	917	20	0.001228	00
24230puebel	24249puebel	10166233	0	0.895244	25092	649	0.104016	831	12	0.000740	00
24230puebel	24259puebel	10166233	0	0.902771	25152	606	0.096678	740	9	0.000551	00
24231puebel	24249puebel	10166233	0	0.901052	7265	628	0.098410	935	9	0.000539	00
24231puebel	24259puebel	10166233	0	0.903846	6001	618	0.094928	844	20	0.001226	00
24233puebel	24249puebel	10166233	0	0.876201	30944	670	0.121342	1366	37	0.002457	00
24233puebel	24259puebel	10166233	0	0.887930	25133	653	0.110973	1163	17	0.001097	00
24235puebel	24249puebel	10166233	0	0.894053	9429	652	0.105264	908	11	0.000682	00
24235puebel	24259puebel	10166233	0	0.901151	8175	640	0.097591	1096	20	0.001258	00
24236puebel	24249puebel	10166233	0	0.895467	10599	616	0.103238	1016	21	0.001295	00
24236puebel	24259puebel	10166233	0	0.907127	8227	624	0.091978	860	15	0.000896	00
24237puebel	24249puebel	10166233	0	0.876879	22487	717	0.121620	1277	22	0.001501	00
24237puebel	24259puebel	10166233	0	0.886569	45830	672	0.112896	762	9	0.000535	00
24238puebel	24249puebel	10166233	0	0.892951	8353	681	0.105843	1159	19	0.001207	00
24238puebel	24259puebel	10166233	0	0.898784	5741	644	0.100104	1254	18	0.001112	00
24239puebel	24249puebel	10166233	0	0.874079	14408	708	0.124308	1157	24	0.001613	00
24239puebel	24259puebel	10166233	0	0.896205	6053	671	0.103117	815	11	0.000678	00
24241puebel	24249puebel	10166233	0	0.892960	9560	662	0.105399	1210	24	0.001640	00
24241puebel	24259puebel	10166233	0	0.905398	7647	611	0.093771	766	14	0.000831	00
24242puebel	24249puebel	10166233	0	0.886456	10392	692	0.112548	1200	15	0.000996	00
24242puebel	24259puebel	10166233	0	0.899262	5637	657	0.099937	912	13	0.000801	00
24243puebel	24249puebel	10166233	0	0.897585	7049	647	0.101080	1979	18	0.001336	00
24243puebel	24259puebel	10166233	0	0.903827	13654	610	0.095661	1071	8	0.000512	00
24244puebel	24249puebel	10166233	0	0.895441	8687	650	0.103428	1149	17	0.001132	00
24244puebel	24259puebel	10166233	0	0.893344	16837	651	0.106066	1376	9	0.000591	00
24245puebel	24249puebel	10166233	0	0.893592	7268	653	0.105078	843	22	0.001330	00
24245puebel	24259puebel	10166233	0	0.894453	6632	654	0.104539	973	17	0.001008	00
24246puebel	24249puebel	10166233	0	0.881326	11342	706	0.116913	1288	26	0.001761	00
24246puebel	24259puebel	10166233	0	0.897300	8156	650	0.101348	941	22	0.001353	00
24247puebel	24250puebel	10166233	0	0.892587	7962	642	0.105175	4111	29	0.002238	00
24247puebel	24260puebel	10166233	0	0.898250	6771	650	0.100798	1203	15	0.000951	00
24248puebel	24256puebel	10166233	0	0.908123	10917	590	0.090599	2130	19	0.001278	00
24249puebel	24251puebel	10166233	0	0.886758	11162	673	0.111772	1335	23	0.001471	00
24250puebel	24251puebel	10166233	0	0.894640	8937	664	0.103720	1288	24	0.001640	00
24251puebel	24256puebel	10166233	0	0.901974	9811	616	0.096978	945	15	0.001047	00
24256puebel	24260puebel	10166233	0	0.906775	9920	585	0.092251	1016	15	0.000974	00
24202puebel	24263puebel	10166233	0	0.899393	6321	628	0.099274	1037	21	0.001333	00
24202puebel	24267puebel	10166233	0	0.879584	7169	712	0.119226	984	20	0.001190	00
24222puebel	24263puebel	10166233	0	0.903704	6884	596	0.095423	1209	12	0.000873	00
24222puebel	24267puebel	10166233	0	0.893776	8470	659	0.104926	1297	18	0.001298	00
24230puebel	24263puebel	10166233	0	0.910748	5875	581	0.088457	857	13	0.000794	00
24230puebel	24267puebel	10166233	0	0.900400	6162	602	0.098408	931	19	0.001192	00
24231puebel	24263puebel	10166233	0	0.902801	7211	627	0.096296	1201	15	0.000903	00
24231puebel	24267puebel	10166233	0	0.908339	5492	603	0.090686	928	16	0.000974	00
24233puebel	24263puebel	10166233	0	0.898686	5868	641	0.100335	829	17	0.000978	00
24233puebel	24267puebel	10166233	0	0.883569	17159	683	0.114167	2026	31	0.002264	00
24235puebel	24263puebel	10166233	0	0.900463	8532	646	0.098334	1106	19	0.001203	00
24235puebel	24267puebel	10166233	0	0.897642	7269	656	0.101056	1157	20	0.001302	00
24236puebel	24263puebel	10166233	0	0.906170	7685	610	0.093234	978	9	0.000596	00
24236puebel	24267puebel	10166233	0	0.895109	9666	634	0.103203	1285	25	0.001688	00
24237puebel	24263puebel	10166233	0	0.894859	5409	678	0.103931	888	20	0.001210	00
24237puebel	24267puebel	10166233	0	0.884899	9290	682	0.113939	959	18	0.001162	00
24238puebel	24263puebel	10166233	0	0.901889	8634	631	0.097265	936	13	0.000846	00
24238puebel	24267puebel	10166233	0	0.901594	6760	636	0.097198	909	19	0.001208	00
24239puebel	24263puebel	10166233	0	0.901809	6239	632	0.097161	1185	17	0.001029	00
24239puebel	24267puebel	10166233	0	0.882164	10350	702	0.115859	971	32	0.001977	00
24241puebel	24263puebel	10166233	0	0.897260	7313	674	0.101663	854	17	0.001078	00
24241puebel	24267puebel	10166233	0	0.886378	8809	715	0.112488	1194	16	0.001134	00
24242puebel	24263puebel	10166233	0	0.904973	6354	611	0.093960	1032	16	0.001066	00
24242puebel	24267puebel	10166233	0	0.883256	25026	693	0.115546	1802	18	0.001198	00
24243puebel	24263puebel	10166233	0	0.904446	6257	635	0.094435	873	18	0.001119	00
24243puebel	24267puebel	10166233	0	0.893590	8923	676	0.105338	899	18	0.001072	00
24244puebel	24263puebel	10166233	0	0.904633	6933	608	0.094098	889	21	0.001269	00
24244puebel	24267puebel	10166233	0	0.894826	7079	656	0.104028	1088	18	0.001146	00
24245puebel	24263puebel	10166233	0	0.898046	6407	661	0.101143	809	14	0.000811	00
24245puebel	24267puebel	10166233	0	0.883086	7922	719	0.115679	1057	20	0.001235	00
24246puebel	24263puebel	10166233	0	0.898207	6539	650	0.100542	1402	20	0.001251	00
24246puebel	24267puebel	10166233	0	0.884528	13503	689	0.113714	2130	25	0.001758	00
24247puebel	24263puebel	10166233	0	0.901691	8039	639	0.097392	882	15	0.000917	00
24247puebel	24267puebel	10166233	0	0.898837	7868	648	0.099918	1018	20	0.001245	00
24248puebel	24263puebel	10166233	0	0.901482	8076	644	0.097710	1633	11	0.000808	00
24248puebel	24267puebel	10166233	0	0.894609	9111	649	0.104133	749	22	0.001257	00
24249puebel	24263puebel	10166233	0	0.899630	7476	631	0.099207	946	19	0.001163	00
24249puebel	24267puebel	10166233	0	0.875488	10673	702	0.122432	1114	33	0.002080	00
24250puebel	24263puebel	10166233	0	0.902686	6859	606	0.096527	777	13	0.000788	00
24250puebel	24267puebel	10166233	0	0.892358	9428	670	0.106064	1070	23	0.001577	00
24251puebel	24263puebel	10166233	0	0.896391	7189	658	0.102514	1153	15	0.001095	00
24202puebel	24233puebel	10166233	0	0.883825	6975	707	0.114822	1184	22	0.001353	00
24222puebel	24230puebel	10166233	0	0.895150	9153	649	0.103809	1201	16	0.001041	00
24222puebel	24236puebel	10166233	0	0.908454	6496	582	0.090339	921	18	0.001207	00
24230puebel	24235puebel	10166233	0	0.908339	12890	595	0.091038	716	11	0.000622	00
24231puebel	24235puebel	10166233	0	0.904159	6959	616	0.094801	1298	16	0.001040	00
24233puebel	24236puebel	10166233	0	0.899190	18064	599	0.099281	1300	24	0.001529	00
24236puebel	24237puebel	10166233	0	0.905750	24603	588	0.092758	807	24	0.001492	00
24202puebel	24242puebel	10166233	0	0.885391	7895	686	0.113087	1375	24	0.001522	00
24202puebel	24246puebel	10166233	0	0.881088	7840	719	0.117217	1783	24	0.001695	00
24222puebel	24242puebel	10166233	0	0.894537	7032	642	0.103851	1024	26	0.001613	00
24222puebel	24246puebel	10166233	0	0.889537	7442	670	0.108802	1145	23	0.001660	00
24230puebel	24242puebel	10166233	0	0.902224	7292	612	0.096887	1071	14	0.000889	00
24230puebel	24246puebel	10166233	0	0.902799	8371	606	0.096426	914	13	0.000776	00
24231puebel	24242puebel	10166233	0	0.901715	5268	630	0.097398	1265	14	0.000887	00
24231puebel	24246puebel	10166233	0	0.900330	6738	641	0.098773	959	14	0.000897	00
24233puebel	24242puebel	10166233	0	0.889147	12003	672	0.109515	1081	20	0.001339	00
24233puebel	24246puebel	10166233	0	0.882607	13853	671	0.115798	1071	26	0.001595	00
24235puebel	24242puebel	10166233	0	0.900693	5849	635	0.098516	1213	11	0.000791	00
24235puebel	24246puebel	10166233	0	0.895934	5473	655	0.102690	1027	21	0.001377	00
24236puebel	24242puebel	10166233	0	0.902300	7855	619	0.096346	1173	21	0.001354	00
24236puebel	24246puebel	10166233	0	0.910507	10088	568	0.088570	783	16	0.000923	00
24237puebel	24242puebel	10166233	0	0.882828	9262	686	0.115302	1240	27	0.001870	00
24237puebel	24246puebel	10166233	0	0.882405	8285	704	0.115407	1357	32	0.002188	00
24238puebel	24243puebel	10166233	0	0.898821	5900	634	0.099485	1312	27	0.001694	00
24239puebel	24241puebel	10166233	0	0.892507	7303	677	0.105992	719	26	0.001500	00
24239puebel	24245puebel	10166233	0	0.894817	7686	649	0.103866	934	22	0.001317	00
24241puebel	24244puebel	10166233	0	0.905537	8590	599	0.093869	849	9	0.000593	00
24242puebel	24244puebel	10166233	0	0.896346	7429	681	0.102726	810	16	0.000928	00
24243puebel	24245puebel	10166233	0	0.901674	7669	611	0.097295	1018	17	0.001030	00
24245puebel	24246puebel	10166233	0	0.887535	6607	697	0.111115	901	23	0.001350	00
24202puebel	24250puebel	10166233	0	0.896436	7149	632	0.102159	1130	21	0.001405	00
24202puebel	24260puebel	10166233	0	0.891629	8000	671	0.106928	1774	21	0.001443	00
24222puebel	24250puebel	10166233	0	0.893532	8407	657	0.104953	836	26	0.001515	00
24222puebel	24260puebel	10166233	0	0.894340	6939	652	0.104631	1124	15	0.001029	00
24230puebel	24250puebel	10166233	0	0.908228	7280	597	0.090601	1232	16	0.001171	00
24230puebel	24260puebel	10166233	0	0.898130	8590	651	0.101013	870	14	0.000857	00
24231puebel	24250puebel	10166233	0	0.909723	7887	581	0.089221	994	17	0.001056	00
24231puebel	24260puebel	10166233	0	0.903511	7566	611	0.095334	958	19	0.001155	00
24233puebel	24250puebel	10166233	0	0.896454	15189	626	0.102521	907	17	0.001026	00
24233puebel	24260puebel	10166233	0	0.897668	6693	633	0.101074	1363	19	0.001258	00
24235puebel	24250puebel	10166233	0	0.901425	8486	622	0.097770	1345	12	0.000806	00
24235puebel	24260puebel	10166233	0	0.898810	5793	665	0.100504	725	12	0.000686	00
24236puebel	24250puebel	10166233	0	0.909981	7357	600	0.088807	882	19	0.001212	00
24236puebel	24260puebel	10166233	0	0.903885	6671	608	0.095019	937	18	0.001096	00
24237puebel	24250puebel	10166233	0	0.894616	14187	641	0.104126	1349	19	0.001258	00
24237puebel	24260puebel	10166233	0	0.886377	7856	667	0.111613	1174	29	0.002009	00
24238puebel	24250puebel	10166233	0	0.904608	5881	628	0.094197	1036	19	0.001195	00
24238puebel	24260puebel	10166233	0	0.901516	6337	621	0.097375	1506	16	0.001110	00
24239puebel	24250puebel	10166233	0	0.896706	7005	651	0.101667	1118	24	0.001627	00
24239puebel	24260puebel	10166233	0	0.888291	9692	696	0.109947	1595	26	0.001762	00
24241puebel	24250puebel	10166233	0	0.893278	7556	665	0.104980	1607	24	0.001741	00
24241puebel	24260puebel	10166233	0	0.894745	13901	662	0.103584	1337	25	0.001671	00
24242puebel	24250puebel	10166233	0	0.895662	8038	649	0.102400	1288	28	0.001938	00
24242puebel	24260puebel	10166233	0	0.887158	12210	686	0.110833	1752	28	0.002009	00
24243puebel	24250puebel	10166233	0	0.905402	8151	607	0.093807	1232	13	0.000791	00
24243puebel	24260puebel	10166233	0	0.899142	7680	613	0.099625	1824	16	0.001233	00
24244puebel	24250puebel	10166233	0	0.901775	7840	625	0.097616	856	10	0.000609	00
24244puebel	24260puebel	10166233	0	0.899325	6387	647	0.099524	1869	17	0.001151	00
24245puebel	24250puebel	10166233	0	0.897034	8493	650	0.101988	938	15	0.000978	00
24245puebel	24260puebel	10166233	0	0.896035	7626	638	0.102761	1069	20	0.001204	00
24246puebel	24250puebel	10166233	0	0.898186	8013	638	0.100536	1283	19	0.001279	00
24246puebel	24260puebel	10166233	0	0.892070	7781	672	0.106103	1897	26	0.001827	00
24247puebel	24251puebel	10166233	0	0.885037	9559	691	0.113186	1326	26	0.001777	00
24248puebel	24249puebel	10166233	0	0.892233	31680	655	0.106792	832	16	0.000975	00
24248puebel	24259puebel	10166233	0	0.895460	34117	639	0.103657	1346	14	0.000883	00
24249puebel	24256puebel	10166233	0	0.907879	7751	586	0.091078	673	19	0.001043	00
24250puebel	24256puebel	10166233	0	0.903361	8128	619	0.094942	1920	24	0.001697	00
24251puebel	24259puebel	10166233	0	0.895964	8341	648	0.103414	1374	9	0.000622	00
24259puebel	24260puebel	10166233	0	0.894980	9891	665	0.104091	873	15	0.000929	00
24202puebel	24264puebel	10166233	0	0.897671	7672	652	0.101357	1178	15	0.000972	00
24202puebel	24269puebel	10166233	0	0.892261	6766	653	0.106312	1339	20	0.001428	00
24222puebel	24264puebel	10166233	0	0.896137	9921	644	0.102541	1437	19	0.001322	00
24222puebel	24269puebel	10166233	0	0.896454	6687	640	0.102515	865	17	0.001031	00
24230puebel	24264puebel	10166233	0	0.905339	5535	598	0.093867	793	14	0.000793	00
24230puebel	24269puebel	10166233	0	0.900400	6728	634	0.098711	919	15	0.000889	00
24231puebel	24264puebel	10166233	0	0.911147	11161	575	0.087795	891	16	0.001058	00
24231puebel	24269puebel	10166233	0	0.904893	7336	616	0.094182	1015	14	0.000926	00
24233puebel	24264puebel	10166233	0	0.898991	7718	632	0.099986	757	18	0.001023	00
24233puebel	24269puebel	10166233	0	0.882910	22899	665	0.114873	990	35	0.002217	00
24235puebel	24264puebel	10166233	0	0.893368	8247	668	0.105767	1043	13	0.000866	00
24235puebel	24269puebel	10166233	0	0.897185	6919	660	0.101567	1466	20	0.001248	00
24236puebel	24264puebel	10166233	0	0.910327	8584	577	0.088741	1138	15	0.000932	00
24236puebel	24269puebel	10166233	0	0.897115	19259	611	0.101325	1244	24	0.001561	00
24237puebel	24264puebel	10166233	0	0.894895	8791	664	0.103974	1132	17	0.001131	00
24237puebel	24269puebel	10166233	0	0.878551	7443	707	0.119529	1242	29	0.001921	00
24238puebel	24264puebel	10166233	0	0.904101	7110	595	0.094531	1565	19	0.001369	00
24238puebel	24269puebel	10166233	0	0.899434	10811	629	0.099260	896	21	0.001306	00
24239puebel	24264puebel	10166233	0	0.892488	7487	673	0.106539	1082	15	0.000974	00
24239puebel	24269puebel	10166233	0	0.883778	16474	666	0.114019	1319	33	0.002203	00
24241puebel	24264puebel	10166233	0	0.898632	5577	645	0.100288	1227	15	0.001080	00
24241puebel	24269puebel	10166233	0	0.895291	6452	656	0.103648	859	17	0.001061	00
24242puebel	24264puebel	10166233	0	0.897576	6278	650	0.101673	1211	10	0.000750	00
24242puebel	24269puebel	10166233	0	0.889112	9265	675	0.108912	2645	27	0.001976	00
24243puebel	24264puebel	10166233	0	0.903079	6684	630	0.095310	812	27	0.001612	00
24243puebel	24269puebel	10166233	0	0.901608	7455	626	0.097054	1022	21	0.001339	00
24244puebel	24264puebel	10166233	0	0.901333	6959	629	0.097851	900	13	0.000817	00
24244puebel	24269puebel	10166233	0	0.896657	7966	656	0.102189	998	17	0.001154	00
24245puebel	24264puebel	10166233	0	0.898901	6858	648	0.100443	731	11	0.000656	00
24245puebel	24269puebel	10166233	0	0.889556	8651	691	0.108958	1020	22	0.001486	00
24246puebel	24264puebel	10166233	0	0.893737	7440	650	0.105012	2016	18	0.001250	00
24246puebel	24269puebel	10166233	0	0.888653	12092	676	0.109411	2113	26	0.001936	00
24247puebel	24264puebel	10166233	0	0.890684	5944	682	0.108480	962	13	0.000836	00
24247puebel	24269puebel	10166233	0	0.896867	11744	649	0.102300	808	13	0.000833	00
24248puebel	24264puebel	10166233	0	0.903740	7287	612	0.095439	750	14	0.000821	00
24248puebel	24269puebel	10166233	0	0.900429	9282	634	0.098212	2325	18	0.001359	00
24249puebel	24264puebel	10166233	0	0.893454	9695	657	0.105334	894	20	0.001212	00
24249puebel	24269puebel	10166233	0	0.882187	14902	686	0.115956	1564	26	0.001857	00
24250puebel	24264puebel	10166233	0	0.897991	7236	653	0.100831	883	18	0.001178	00
24250puebel	24269puebel	10166233	0	0.899305	9269	648	0.099544	1213	19	0.001151	00
24251puebel	24264puebel	10166233	0	0.890235	8583	690	0.108829	996	14	0.000937	00
24202puebel	24230puebel	10166233	0	0.899927	6240	636	0.098836	939	20	0.001237	00
24202puebel	24236puebel	10166233	0	0.907126	5847	606	0.091714	1387	17	0.001160	00
24222puebel	24233puebel	10166233	0	0.894022	13137	658	0.104819	1078	17	0.001159	00
24230puebel	24231puebel	10166233	0	0.908681	5312	601	0.090655	905	11	0.000664	00
24230puebel	24237puebel	10166233	0	0.897517	13589	638	0.101755	871	12	0.000727	00
24231puebel	24237puebel	10166233	0	0.903538	6676	635	0.095955	637	9	0.000506	00
24235puebel	24236puebel	10166233	0	0.906754	7945	611	0.092481	1180	11	0.000765	00
24202puebel	24239puebel	10166233	0	0.886942	9789	683	0.112024	961	16	0.001033	00
24202puebel	24244puebel	10166233	0	0.898290	5713	641	0.101071	732	11	0.000639	00
24222puebel	24239puebel	10166233	0	0.895673	8522	636	0.103069	919	20	0.001257	00
24222puebel	24244puebel	10166233	0	0.897051	29116	626	0.101690	990	19	0.001260	00
24230puebel	24239puebel	10166233	0	0.908176	6330	588	0.090787	1024	16	0.001038	00
24230puebel	24244puebel	10166233	0	0.901893	22565	599	0.097437	1060	10	0.000670	00
24231puebel	24239puebel	10166233	0	0.906552	7232	614	0.092408	685	18	0.001040	00
24231puebel	24244puebel	10166233	0	0.901689	6679	629	0.097656	983	11	0.000654	00
24233puebel	24239puebel	10166233	0	0.881305	10867	703	0.116589	1908	28	0.002105	00
24233puebel	24244puebel	10166233	0	0.900552	8402	628	0.098249	657	22	0.001199	00
24235puebel	24239puebel	10166233	0	0.898018	9591	643	0.101302	686	12	0.000681	00
24235puebel	24244puebel	10166233	0	0.901433	6725	632	0.098006	917	9	0.000561	00
24236puebel	24239puebel	10166233	0	0.895540	18474	608	0.103335	1011	17	0.001125	00
24236puebel	24244puebel	10166233	0	0.898467	7135	634	0.100244	1355	19	0.001289	00
24237puebel	24239puebel	10166233	0	0.884543	9377	690	0.113824	1397	26	0.001633	00
24237puebel	24244puebel	10166233	0	0.894245	11471	663	0.104454	2361	17	0.001301	00
24238puebel	24241puebel	10166233	0	0.897004	6625	667	0.101607	1299	20	0.001390	00
24238puebel	24245puebel	10166233	0	0.896781	6795	652	0.101580	1422	25	0.001638	00
24239puebel	24243puebel	10166233	0	0.905968	7414	587	0.092760	964	21	0.001271	00
24241puebel	24242puebel	10166233	0	0.894000	5933	666	0.104360	1433	23	0.001640	00
24241puebel	24246puebel	10166233	0	0.888919	7108	658	0.109438	1228	25	0.001643	00
24242puebel	24246puebel	10166233	0	0.881805	10468	695	0.116269	1461	26	0.001927	00
24244puebel	24245puebel	10166233	0	0.899129	5765	643	0.100202	1022	10	0.000670	00
24202puebel	24248puebel	10166233	0	0.895662	8802	651	0.103053	1004	21	0.001285	00
24202puebel	24256puebel	10166233	0	0.905610	6013	595	0.093333	989	17	0.001058	00
24222puebel	24248puebel	10166233	0	0.900646	8932	641	0.098327	784	18	0.001026	00
24222puebel	24256puebel	10166233	0	0.906855	8556	594	0.091934	1003	18	0.001211	00
24230puebel	24248puebel	10166233	0	0.898747	25276	661	0.100050	996	19	0.001203	00
24230puebel	24256puebel	10166233	0	0.910270	6444	584	0.088914	1054	13	0.000816	00
24231puebel	24248puebel	10166233	0	0.902050	7179	633	0.097232	1313	11	0.000718	00
24231puebel	24256puebel	10166233	0	0.910585	7827	580	0.088954	703	8	0.000462	00
24233puebel	24248puebel	10166233	0	0.897689	25192	624	0.100720	1150	24	0.001591	00
24233puebel	24256puebel	10166233	0	0.902591	7353	614	0.096295	740	20	0.001114	00
24235puebel	24248puebel	10166233	0	0.904111	7051	606	0.095509	857	6	0.000380	00
24235puebel	24256puebel	10166233	0	0.904713	5967	598	0.094395	963	14	0.000892	00
24236puebel	24248puebel	10166233	0	0.905850	8584	614	0.093097	942	17	0.001053	00
24236puebel	24256puebel	10166233	0	0.880422	12213	711	0.118213	981	21	0.001366	00
24237puebel	24248puebel	10166233	0	0.887780	20702	698	0.111055	1560	17	0.001166	00
24237puebel	24256puebel	10166233	0	0.906571	5872	589	0.092150	1111	19	0.001280	00
24238puebel	24248puebel	10166233	0	0.898630	7400	620	0.099809	882	26	0.001561	00
24238puebel	24256puebel	10166233	0	0.908723	7460	590	0.090212	715	18	0.001065	00
24239puebel	24248puebel	10166233	0	0.896711	9611	663	0.102560	1309	11	0.000729	00
24239puebel	24256puebel	10166233	0	0.910035	6070	593	0.088877	1351	15	0.001088	00
24241puebel	24248puebel	10166233	0	0.904290	9859	616	0.095131	1425	9	0.000579	00
24241puebel	24256puebel	10166233	0	0.905375	6086	597	0.093572	1257	16	0.001053	00
24242puebel	24248puebel	10166233	0	0.893190	8881	649	0.105482	1106	20	0.001327	00
24242puebel	24256puebel	10166233	0	0.909770	7044	588	0.089587	911	10	0.000643	00
24243puebel	24248puebel	10166233	0	0.901119	6750	621	0.097624	1330	19	0.001257	00
24243puebel	24256puebel	10166233	0	0.909865	5843	605	0.088955	1140	18	0.001180	00
24244puebel	24248puebel	10166233	0	0.903919	8430	598	0.095406	940	11	0.000675	00
24244puebel	24256puebel	10166233	0	0.901196	7812	638	0.097630	1361	18	0.001175	00
24245puebel	24248puebel	10166233	0	0.896028	9033	646	0.103151	1345	12	0.000821	00
24245puebel	24256puebel	10166233	0	0.904933	6282	609	0.093465	930	27	0.001602	00
24246puebel	24248puebel	10166233	0	0.897223	9638	631	0.102022	739	13	0.000755	00
24246puebel	24256puebel	10166233	0	0.905382	6807	579	0.093374	981	20	0.001244	00
24247puebel	24249puebel	10166233	0	0.889423	6306	694	0.109804	865	13	0.000773	00
24247puebel	24259puebel	10166233	0	0.901115	10466	636	0.098074	963	13	0.000812	00
24248puebel	24251puebel	10166233	0	0.901455	6598	612	0.097449	826	18	0.001096	00
24249puebel	24250puebel	10166233	0	0.891449	15205	683	0.107580	1071	15	0.000970	00
24249puebel	24260puebel	10166233	0	0.885901	10640	695	0.112419	1744	22	0.001680	00
24250puebel	24260puebel	10166233	0	0.898842	6010	627	0.099699	938	25	0.001459	00
24256puebel	24259puebel	10166233	0	0.908514	6756	605	0.090713	845	12	0.000774	00
24202puebel	24262puebel	10166233	0	0.886271	9894	690	0.111702	1494	29	0.002027	00
24202puebel	24266puebel	10166233	0	0.883593	9554	695	0.115010	1086	21	0.001397	00
24222puebel	24262puebel	10166233	0	0.886503	8604	679	0.111500	1235	30	0.001997	00
24222puebel	24266puebel	10166233	0	0.891825	11360	654	0.106630	1278	23	0.001545	00
24230puebel	24262puebel	10166233	0	0.900170	6063	650	0.098583	988	20	0.001246	00
24230puebel	24266puebel	10166233	0	0.902384	7803	626	0.096472	1434	18	0.001144	00
24231puebel	24262puebel	10166233	0	0.902303	6125	621	0.096281	1249	20	0.001415	00
24231puebel	24266puebel	10166233	0	0.910527	6972	594	0.088651	1049	12	0.000822	00
24233puebel	24262puebel	10166233	0	0.888539	7320	671	0.110399	902	18	0.001061	00
24233puebel	24266puebel	10166233	0	0.887599	8300	680	0.111018	1136	21	0.001383	00
24235puebel	24262puebel	10166233	0	0.892817	8444	657	0.106074	739	19	0.001109	00
24235puebel	24266puebel	10166233	0	0.900585	7230	617	0.098798	810	10	0.000616	00
24236puebel	24262puebel	10166233	0	0.902365	7899	632	0.096560	1072	15	0.001075	00
24236puebel	24266puebel	10166233	0	0.906800	7178	609	0.092664	685	9	0.000536	00
24237puebel	24262puebel	10166233	0	0.885748	17128	692	0.112751	1725	23	0.001501	00
24237puebel	24266puebel	10166233	0	0.884798	7536	697	0.112877	1715	31	0.002325	00
24238puebel	24262puebel	10166233	0	0.895631	10688	654	0.102879	877	25	0.001491	00
24238puebel	24266puebel	10166233	0	0.897394	6871	638	0.101355	961	19	0.001251	00
24239puebel	24262puebel	10166233	0	0.888368	6195	680	0.110411	1345	19	0.001221	00
24239puebel	24266puebel	10166233	0	0.885433	7971	702	0.113067	1410	22	0.001499	00
24241puebel	24262puebel	10166233	0	0.893278	8618	658	0.104917	1254	29	0.001804	00
24241puebel	24266puebel	10166233	0	0.887598	9325	674	0.110959	971	24	0.001444	00
24242puebel	24262puebel	10166233	0	0.889176	10597	662	0.108785	1022	33	0.002038	00
24242puebel	24266puebel	10166233	0	0.890129	8851	662	0.108368	1284	21	0.001503	00
24243puebel	24262puebel	10166233	0	0.896208	7692	655	0.102362	1228	23	0.001429	00
24243puebel	24266puebel	10166233	0	0.893776	6911	665	0.104155	1350	33	0.002069	00
24244puebel	24262puebel	10166233	0	0.894021	7062	673	0.105332	842	11	0.000646	00
24244puebel	24266puebel	10166233	0	0.893074	7924	684	0.105982	1739	13	0.000944	00
24245puebel	24262puebel	10166233	0	0.886143	6487	701	0.112083	1285	26	0.001774	00
24245puebel	24266puebel	10166233	0	0.887748	12715	693	0.110654	896	26	0.001598	00
24246puebel	24262puebel	10166233	0	0.883111	9302	692	0.115277	1277	25	0.001612	00
24246puebel	24266puebel	10166233	0	0.878312	9740	708	0.119361	2383	30	0.002326	00
24247puebel	24262puebel	10166233	0	0.893889	6686	675	0.104426	1096	26	0.001684	00
24247puebel	24266puebel	10166233	0	0.895916	8499	657	0.102839	1210	19	0.001245	00
24248puebel	24262puebel	10166233	0	0.894366	8251	666	0.104757	787	15	0.000877	00
24248puebel	24266puebel	10166233	0	0.897270	7376	642	0.101773	749	17	0.000957	00
24249puebel	24262puebel	10166233	0	0.881669	14313	711	0.116442	1975	26	0.001889	00
24249puebel	24266puebel	10166233	0	0.886881	7323	692	0.111459	1014	26	0.001660	00
24250puebel	24262puebel	10166233	0	0.894177	9040	643	0.104429	1101	21	0.001393	00
24250puebel	24266puebel	10166233	0	0.897289	6468	648	0.101364	888	21	0.001347	00
24251puebel	24262puebel	10166233	0	0.879552	8116	702	0.117990	2098	36	0.002458	00
24202puebel	24222puebel	10166233	0	0.897151	6300	640	0.101840	1128	15	0.001009	00
24202puebel	24235puebel	10166233	0	0.895410	7363	669	0.103598	827	16	0.000992	00
24222puebel	24231puebel	10166233	0	0.907769	6887	579	0.091381	851	14	0.000850	00
24222puebel	24237puebel	10166233	0	0.886859	11932	667	0.111337	1242	28	0.001804	00
24230puebel	24236puebel	10166233	0	0.908544	6359	579	0.090581	1893	11	0.000875	00
24231puebel	24236puebel	10166233	0	0.894522	7571	656	0.104764	852	12	0.000715	00
24233puebel	24237puebel	10166233	0	0.883944	22703	678	0.114045	1983	29	0.002011	00
24202puebel	24238puebel	10166233	0	0.897397	6570	651	0.100852	1848	28	0.001752	00
24202puebel	24243puebel	10166233	0	0.895083	7839	647	0.103449	1243	23	0.001469	00
24222puebel	24238puebel	10166233	0	0.902214	9592	622	0.096817	1217	15	0.000969	00
24222puebel	24243puebel	10166233	0	0.901602	7484	629	0.096427	1201	28	0.001971	00
24230puebel	24238puebel	10166233	0	0.903626	6601	629	0.095540	960	14	0.000834	00
24230puebel	24243puebel	10166233	0	0.907839	8001	603	0.091056	846	18	0.001106	00
24231puebel	24238puebel	10166233	0	0.905698	7207	614	0.093166	1130	19	0.001136	00
24231puebel	24243puebel	10166233	0	0.902662	6614	614	0.096586	854	12	0.000751	00
24233puebel	24238puebel	10166233	0	0.894592	12078	669	0.104352	1170	16	0.001055	00
24233puebel	24243puebel	10166233	0	0.900124	5831	662	0.099022	1384	13	0.000854	00
24235puebel	24238puebel	10166233	0	0.901795	8602	619	0.097102	1104	16	0.001103	00
24235puebel	24243puebel	10166233	0	0.903137	4918	631	0.095911	740	16	0.000951	00
24236puebel	24238puebel	10166233	0	0.910129	5912	587	0.089011	929	13	0.000859	00
24236puebel	24243puebel	10166233	0	0.903397	7713	614	0.095513	987	18	0.001091	00
24237puebel	24238puebel	10166233	0	0.897451	9778	653	0.101124	1085	22	0.001425	00
24237puebel	24243puebel	10166233	0	0.898190	7237	660	0.100479	860	22	0.001330	00
24238puebel	24239puebel	10166233	0	0.901428	14855	613	0.097528	1225	17	0.001045	00
24238puebel	24244puebel	10166233	0	0.904072	6647	604	0.095199	672	13	0.000729	00
24239puebel	24242puebel	10166233	0	0.885510	8104	714	0.113042	1569	20	0.001448	00
24239puebel	24246puebel	10166233	0	0.887889	6806	675	0.110485	1775	23	0.001626	00
24241puebel	24245puebel	10166233	0	0.897861	7407	623	0.100700	1171	22	0.001439	00
24242puebel	24245puebel	10166233	0	0.887440	7081	689	0.110944	1280	23	0.001616	00
24243puebel	24246puebel	10166233	0	0.898465	9504	618	0.100422	1196	17	0.001113	00
24202puebel	24247puebel	10166233	0	0.893965	8336	651	0.104539	1347	23	0.001497	00
24202puebel	24251puebel	10166233	0	0.878408	7636	734	0.120187	1059	22	0.001404	00
24222puebel	24247puebel	10166233	0	0.895340	10884	619	0.103678	848	16	0.000982	00
24222puebel	24251puebel	10166233	0	0.895275	10307	649	0.103662	1228	15	0.001062	00
24230puebel	24247puebel	10166233	0	0.901253	6044	630	0.097703	1105	15	0.001044	00
24230puebel	24251puebel	10166233	0	0.907795	8650	575	0.090830	1290	21	0.001376	00
24231puebel	24247puebel	10166233	0	0.905519	5166	615	0.093459	952	16	0.001022	00
24231puebel	24251puebel	10166233	0	0.906295	6746	615	0.092839	844	14	0.000865	00
24233puebel	24247puebel	10166233	0	0.890213	8492	688	0.108598	967	18	0.001189	00
24233puebel	24251puebel	10166233	0	0.891473	6074	672	0.107155	998	23	0.001372	00
24235puebel	24247puebel	10166233	0	0.893460	7011	670	0.105342	890	20	0.001198	00
24235puebel	24251puebel	10166233	0	0.900997	7461	629	0.098004	938	16	0.000998	00
24236puebel	24247puebel	10166233	0	0.909617	7032	577	0.089158	817	20	0.001226	00
24236puebel	24251puebel	10166233	0	0.901683	7589	630	0.097087	832	20	0.001230	00
24237puebel	24247puebel	10166233	0	0.898012	6555	652	0.100555	1096	22	0.001434	00
24237puebel	24251puebel	10166233	0	0.883213	8267	720	0.114766	2140	28	0.002021	00
24238puebel	24247puebel	10166233	0	0.902305	8155	636	0.096915	797	13	0.000780	00
24238puebel	24251puebel	10166233	0	0.901045	11144	613	0.097404	1264	24	0.001551	00
24239puebel	24247puebel	10166233	0	0.896780	8710	658	0.102337	957	12	0.000883	00
24239puebel	24251puebel	10166233	0	0.890114	5928	684	0.108547	908	21	0.001339	00
24241puebel	24247puebel	10166233	0	0.894476	6811	653	0.103762	1356	27	0.001762	00
24241puebel	24251puebel	10166233	0	0.886524	8242	688	0.111939	1142	25	0.001537	00
24242puebel	24247puebel	10166233	0	0.895912	9319	645	0.101713	1589	34	0.002375	00
24242puebel	24251puebel	10166233	0	0.891509	6588	670	0.107134	2448	18	0.001357	00
24243puebel	24247puebel	10166233	0	0.895708	6183	654	0.102540	1034	26	0.001752	00
24243puebel	24251puebel	10166233	0	0.895783	9966	667	0.103128	836	19	0.001089	00
24244puebel	24247puebel	10166233	0	0.905863	9293	614	0.093335	979	13	0.000802	00
24244puebel	24251puebel	10166233	0	0.895971	8461	659	0.103217	827	14	0.000812	00
24245puebel	24247puebel	10166233	0	0.892654	6955	666	0.105991	886	22	0.001355	00
24245puebel	24251puebel	10166233	0	0.889784	9841	699	0.108747	1241	22	0.001469	00
24246puebel	24247puebel	10166233	0	0.893610	6814	659	0.104804	1283	24	0.001586	00
24246puebel	24251puebel	10166233	0	0.884575	7940	706	0.113880	2366	22	0.001544	00
24247puebel	24248puebel	10166233	0	0.904883	8905	619	0.094389	1029	12	0.000729	00
24247puebel	24256puebel	10166233	0	0.902455	8930	607	0.096468	1751	16	0.001078	00
24248puebel	24250puebel	10166233	0	0.900744	15197	620	0.098008	918	20	0.001248	00
24248puebel	24260puebel	10166233	0	0.903787	6973	607	0.095310	815	16	0.000903	00
24249puebel	24259puebel	10166233	0	0.886259	31607	686	0.112685	924	16	0.001056	00
24250puebel	24259puebel	10166233	0	0.903293	15195	619	0.095703	1008	17	0.001005	00
24251puebel	24260puebel	10166233	0	0.888886	16447	670	0.109650	1828	23	0.001463	00
24202puebel	24261puebel	10166233	0	0.888029	9492	674	0.110596	1285	21	0.001374	00
24202puebel	24265puebel	10166233	0	0.882475	7477	718	0.115755	1100	27	0.001770	00
24222puebel	24261puebel	10166233	0	0.883687	12812	719	0.115156	1119	19	0.001157	00
24222puebel	24265puebel	10166233	0	0.888983	12132	666	0.109376	2284	24	0.001641	00
24230puebel	24261puebel	10166233	0	0.898757	12430	644	0.100532	906	12	0.000712	00
24230puebel	24265puebel	10166233	0	0.896644	26904	639	0.102287	1052	16	0.001069	00
24231puebel	24261puebel	10166233	0	0.906717	6923	607	0.092493	1366	11	0.000789	00
24231puebel	24265puebel	10166233	0	0.904798	7196	619	0.094300	1061	15	0.000902	00
24233puebel	24261puebel	10166233	0	0.880514	12168	694	0.118406	954	17	0.001080	00
24233puebel	24265puebel	10166233	0	0.880640	57363	699	0.117268	1142	34	0.002093	00
24235puebel	24261puebel	10166233	0	0.896728	6192	661	0.101883	1286	21	0.001389	00
24235puebel	24265puebel	10166233	0	0.893847	8907	653	0.104883	926	21	0.001270	00
24236puebel	24261puebel	10166233	0	0.902708	5881	608	0.096535	956	12	0.000757	00
24236puebel	24265puebel	10166233	0	0.907818	6071	578	0.091246	798	16	0.000935	00
24237puebel	24261puebel	10166233	0	0.883091	12434	680	0.115106	1310	27	0.001803	00
24237puebel	24265puebel	10166233	0	0.878539	22388	701	0.119003	1328	35	0.002458	00
24238puebel	24261puebel	10166233	0	0.894361	12538	669	0.104294	1505	20	0.001345	00
24238puebel	24265puebel	10166233	0	0.897662	10179	628	0.100574	1512	25	0.001763	00
24239puebel	24261puebel	10166233	0	0.892879	10679	678	0.106045	1031	16	0.001076	00
24239puebel	24265puebel	10166233	0	0.890574	10771	664	0.108113	973	22	0.001313	00
24241puebel	24261puebel	10166233	0	0.890652	7086	684	0.108256	1206	17	0.001092	00
24241puebel	24265puebel	10166233	0	0.888634	9171	665	0.110036	1016	21	0.001329	00
24242puebel	24261puebel	10166233	0	0.896048	11032	639	0.102547	1410	19	0.001406	00
24242puebel	24265puebel	10166233	0	0.887226	10197	666	0.111483	1232	19	0.001291	00
24243puebel	24261puebel	10166233	0	0.898259	7660	635	0.100278	1100	24	0.001463	00
24243puebel	24265puebel	10166233	0	0.896324	12423	650	0.102087	1359	23	0.001589	00
24244puebel	24261puebel	10166233	0	0.897059	12983	627	0.102268	1168	9	0.000673	00
24244puebel	24265puebel	10166233	0	0.898283	9286	667	0.100599	887	18	0.001119	00
24245puebel	24261puebel	10166233	0	0.888950	6551	706	0.110195	780	14	0.000855	00
24245puebel	24265puebel	10166233	0	0.885378	7199	687	0.113334	821	21	0.001288	00
24246puebel	24261puebel	10166233	0	0.889420	9715	675	0.108987	1906	22	0.001594	00
24246puebel	24265puebel	10166233	0	0.888665	7959	681	0.109694	2335	21	0.001642	00
24247puebel	24261puebel	10166233	0	0.893271	12344	650	0.105299	1737	20	0.001430	00
24247puebel	24265puebel	10166233	0	0.892853	9994	657	0.105333	1479	28	0.001814	00
24248puebel	24261puebel	10166233	0	0.894335	12140	642	0.104531	850	18	0.001134	00
24248puebel	24265puebel	10166233	0	0.900185	25468	609	0.098622	758	20	0.001193	00
24249puebel	24261puebel	10166233	0	0.884314	16540	680	0.114793	1403	12	0.000893	00
24249puebel	24265puebel	10166233	0	0.882150	26820	696	0.116084	1163	28	0.001765	00
24250puebel	24261puebel	10166233	0	0.897421	6572	650	0.101233	886	21	0.001345	00
24250puebel	24265puebel	10166233	0	0.894704	15191	654	0.104536	1226	11	0.000760	00
24251puebel	24261puebel	10166233	0	0.889758	7556	692	0.108647	1470	24	0.001596	00
24251puebel	24267puebel	10166233	0	0.888864	7048	680	0.109866	1471	18	0.001270	00
24256puebel	24263puebel	10166233	0	0.911935	5719	572	0.087445	738	11	0.000620	00
24256puebel	24267puebel	10166233	0	0.910093	7490	577	0.088973	824	16	0.000934	00
24259puebel	24263puebel	10166233	0	0.902054	9755	612	0.097263	877	11	0.000684	00
24259puebel	24267puebel	10166233	0	0.883281	7938	731	0.115115	1641	23	0.001604	00
24260puebel	24263puebel	10166233	0	0.896456	7182	652	0.102587	980	15	0.000957	00
24260puebel	24267puebel	10166233	0	0.894007	6343	658	0.104702	1237	20	0.001292	00
24261puebel	24264puebel	10166233	0	0.895345	7718	640	0.103877	1216	12	0.000778	00
24261puebel	24269puebel	10166233	0	0.888016	9090	661	0.110890	1146	18	0.001093	00
24262puebel	24266puebel	10166233	0	0.895410	7923	634	0.102863	1499	25	0.001727	00
24263puebel	24265puebel	10166233	0	0.903535	7633	625	0.095348	1126	17	0.001118	00
24264puebel	24265puebel	10166233	0	0.890682	7539	702	0.107788	1086	25	0.001530	00
24265puebel	24266puebel	10166233	0	0.881964	12025	695	0.115827	1423	34	0.002209	00
24266puebel	24269puebel	10166233	0	0.887170	6351	692	0.111341	1466	22	0.001490	00
24202puebel	24272puebel	10166233	0	0.896753	8021	661	0.101959	921	20	0.001288	00
24202puebel	24276puebel	10166233	0	0.896970	6414	651	0.102005	1043	15	0.001025	00
24222puebel	24272puebel	10166233	0	0.892485	7898	654	0.106574	974	15	0.000941	00
24222puebel	24276puebel	10166233	0	0.894238	28052	637	0.104696	1086	15	0.001066	00
24230puebel	24272puebel	10166233	0	0.905222	6800	614	0.093951	897	14	0.000827	00
24230puebel	24276puebel	10166233	0	0.908506	8714	584	0.090950	1366	8	0.000544	00
24231puebel	24272puebel	10166233	0	0.906312	8168	615	0.092560	930	18	0.001127	00
24231puebel	24276puebel	10166233	0	0.906175	8246	604	0.092785	1128	16	0.001040	00
24233puebel	24272puebel	10166233	0	0.899910	8600	607	0.098970	956	17	0.001120	00
24233puebel	24276puebel	10166233	0	0.893743	10713	654	0.105175	1577	17	0.001082	00
24235puebel	24272puebel	10166233	0	0.900542	9021	618	0.097881	1005	26	0.001576	00
24235puebel	24276puebel	10166233	0	0.904283	8357	596	0.094404	876	20	0.001314	00
24236puebel	24272puebel	10166233	0	0.904540	5843	593	0.093937	1373	23	0.001523	00
24236puebel	24276puebel	10166233	0	0.903716	7597	600	0.095144	797	19	0.001140	00
24237puebel	24272puebel	10166233	0	0.899331	13602	619	0.099212	1529	23	0.001457	00
24237puebel	24276puebel	10166233	0	0.895008	11485	637	0.103667	1639	18	0.001326	00
24238puebel	24272puebel	10166233	0	0.907121	6636	602	0.091336	1214	23	0.001543	00
24238puebel	24276puebel	10166233	0	0.898470	7200	647	0.100257	1047	20	0.001273	00
24239puebel	24272puebel	10166233	0	0.900799	6165	609	0.097622	1033	25	0.001579	00
24239puebel	24276puebel	10166233	0	0.901892	10598	618	0.096862	1304	18	0.001246	00
24241puebel	24272puebel	10166233	0	0.892579	7015	681	0.106159	954	19	0.001262	00
24241puebel	24276puebel	10166233	0	0.889758	16723	679	0.108261	1438	28	0.001981	00
24242puebel	24272puebel	10166233	0	0.899201	7025	646	0.099798	1430	14	0.001001	00
24242puebel	24276puebel	10166233	0	0.897643	6786	637	0.101149	1190	18	0.001208	00
24243puebel	24272puebel	10166233	0	0.901007	6331	621	0.098094	813	15	0.000898	00
24243puebel	24276puebel	10166233	0	0.899166	11765	631	0.099426	1413	18	0.001408	00
24244puebel	24272puebel	10166233	0	0.908594	5136	601	0.090427	1289	14	0.000980	00
24244puebel	24276puebel	10166233	0	0.893524	29472	654	0.105339	961	17	0.001137	00
24245puebel	24272puebel	10166233	0	0.897568	8412	631	0.101438	905	16	0.000994	00
24245puebel	24276puebel	10166233	0	0.898263	8445	632	0.100658	937	17	0.001079	00
24246puebel	24272puebel	10166233	0	0.893899	10031	652	0.104501	1059	26	0.001600	00
24246puebel	24276puebel	10166233	0	0.897220	6218	666	0.101042	1306	27	0.001739	00
24247puebel	24272puebel	10166233	0	0.895809	18819	641	0.102537	1220	26	0.001654	00
24247puebel	24276puebel	10166233	0	0.893515	12550	657	0.104535	1495	27	0.001950	00
24248puebel	24272puebel	10166233	0	0.899240	9312	636	0.099380	1290	22	0.001380	00
24248puebel	24276puebel	10166233	0	0.894575	10867	655	0.104561	815	15	0.000865	00
24249puebel	24272puebel	10166233	0	0.895633	6361	661	0.103329	1113	16	0.001038	00
24249puebel	24276puebel	10166233	0	0.894567	10826	678	0.103812	1042	25	0.001621	00
24250puebel	24272puebel	10166233	0	0.891088	9021	660	0.107961	870	15	0.000951	00
24250puebel	24276puebel	10166233	0	0.896091	11241	643	0.100722	1384	45	0.003187	00
24251puebel	24272puebel	10166233	0	0.891203	7946	663	0.107316	1045	22	0.001480	00
24251puebel	24276puebel	10166233	0	0.887709	7748	682	0.110568	1334	28	0.001723	00
24256puebel	24272puebel	10166233	0	0.906882	11806	602	0.092144	890	16	0.000974	00
24256puebel	24276puebel	10166233	0	0.910645	6531	572	0.088382	1377	14	0.000973	00
24259puebel	24272puebel	10166233	0	0.904794	7658	606	0.094461	780	13	0.000745	00
24259puebel	24276puebel	10166233	0	0.894687	10609	645	0.104605	1151	11	0.000708	00
24260puebel	24272puebel	10166233	0	0.903326	6994	623	0.095272	1274	22	0.001402	00
24260puebel	24276puebel	10166233	0	0.899148	7975	629	0.100040	1551	12	0.000813	00
24261puebel	24272puebel	10166233	0	0.896718	7081	636	0.101798	1035	24	0.001484	00
24261puebel	24276puebel	10166233	0	0.888603	12991	668	0.110414	1053	15	0.000983	00
24262puebel	24272puebel	10166233	0	0.899912	9020	635	0.098841	1437	18	0.001247	00
24262puebel	24276puebel	10166233	0	0.895142	7699	671	0.103697	1930	16	0.001161	00
24263puebel	24272puebel	10166233	0	0.907247	11456	587	0.091964	859	13	0.000789	00
24263puebel	24276puebel	10166233	0	0.897823	10675	634	0.100615	1158	23	0.001562	00
24264puebel	24272puebel	10166233	0	0.899319	6907	618	0.099089	1483	24	0.001592	00
24264puebel	24276puebel	10166233	0	0.900725	7976	640	0.097474	1722	23	0.001801	00
24265puebel	24272puebel	10166233	0	0.895791	9357	646	0.102243	1259	31	0.001966	00
24265puebel	24276puebel	10166233	0	0.894707	10569	662	0.103808	976	23	0.001485	00
24266puebel	24272puebel	10166233	0	0.891586	9273	672	0.107119	923	20	0.001295	00
24266puebel	24276puebel	10166233	0	0.893611	8542	654	0.105237	1327	18	0.001152	00
24267puebel	24272puebel	10166233	0	0.891158	8327	679	0.107728	969	18	0.001113	00
24267puebel	24276puebel	10166233	0	0.890557	6117	697	0.107795	1072	25	0.001648	00
24269puebel	24272puebel	10166233	0	0.900865	9423	628	0.098228	1000	15	0.000907	00
24269puebel	24276puebel	10166233	0	0.890966	7264	679	0.107360	1178	26	0.001674	00
24270puebel	24273puebel	10166233	0	0.896834	13154	652	0.101822	1483	20	0.001344	00
24270puebel	24281puebel	10166233	0	0.892916	8222	661	0.105726	841	23	0.001357	00
24271puebel	24275puebel	10166233	0	0.879590	8177	722	0.118961	1076	22	0.001449	00
24272puebel	24274puebel	10166233	0	0.898004	6950	632	0.100729	1267	20	0.001267	00
24273puebel	24274puebel	10166233	0	0.883878	11643	701	0.114303	1222	28	0.001819	00
24274puebel	24275puebel	10166233	0	0.882143	8743	695	0.116011	1336	26	0.001846	00
24275puebel	24281puebel	10166233	0	0.886087	8691	691	0.112719	1000	18	0.001195	00
24202puebel	24284puebel	10166233	0	0.885356	8001	687	0.113076	1279	23	0.001568	00
24202puebel	24297puebel	10166233	0	0.895382	8148	644	0.103586	775	17	0.001032	00
24222puebel	24284puebel	10166233	0	0.891478	8932	647	0.107206	1161	20	0.001316	00
24222puebel	24297puebel	10166233	0	0.891394	21034	649	0.107079	1148	24	0.001527	00
24230puebel	24284puebel	10166233	0	0.897828	25340	608	0.101509	768	12	0.000663	00
24230puebel	24297puebel	10166233	0	0.903859	9309	622	0.095014	897	17	0.001127	00
24231puebel	24284puebel	10166233	0	0.901800	6029	640	0.097449	1016	13	0.000751	00
24231puebel	24297puebel	10166233	0	0.911337	5956	585	0.087681	969	16	0.000983	00
24233puebel	24284puebel	10166233	0	0.870685	26561	693	0.127146	1138	33	0.002169	00
24233puebel	24297puebel	10166233	0	0.892079	20874	670	0.106035	2084	28	0.001885	00
24235puebel	24284puebel	10166233	0	0.897667	8737	649	0.101292	742	17	0.001041	00
24235puebel	24297puebel	10166233	0	0.897435	8548	621	0.101468	856	18	0.001098	00
24236puebel	24284puebel	10166233	0	0.896661	12641	623	0.101838	929	24	0.001501	00
24236puebel	24297puebel	10166233	0	0.909912	6283	600	0.089334	1056	12	0.000754	00
24237puebel	24284puebel	10166233	0	0.882432	22381	677	0.115939	1163	25	0.001629	00
24237puebel	24297puebel	10166233	0	0.890990	18781	669	0.107482	1099	22	0.001528	00
24238puebel	24284puebel	10166233	0	0.890829	6792	672	0.108201	948	15	0.000970	00
24238puebel	24297puebel	10166233	0	0.902697	7024	612	0.096139	868	19	0.001163	00
24239puebel	24284puebel	10166233	0	0.879063	15014	700	0.119674	1311	19	0.001263	00
24239puebel	24297puebel	10166233	0	0.900802	6001	657	0.098070	1230	17	0.001128	00
24241puebel	24284puebel	10166233	0	0.889701	6505	680	0.109034	1043	20	0.001265	00
24241puebel	24297puebel	10166233	0	0.891567	11986	659	0.106964	1048	22	0.001469	00
24242puebel	24284puebel	10166233	0	0.883399	15612	692	0.115305	1631	20	0.001297	00
24242puebel	24297puebel	10166233	0	0.897936	5799	644	0.101029	1219	15	0.001035	00
24243puebel	24284puebel	10166233	0	0.897448	7502	641	0.101515	1193	15	0.001037	00
24251puebel	24265puebel	10166233	0	0.887825	13408	685	0.110813	968	21	0.001362	00
24256puebel	24261puebel	10166233	0	0.910181	7966	570	0.089295	1303	7	0.000524	00
24256puebel	24265puebel	10166233	0	0.904629	9354	621	0.094106	957	21	0.001265	00
24259puebel	24261puebel	10166233	0	0.894169	12407	647	0.104636	1364	19	0.001195	00
24259puebel	24265puebel	10166233	0	0.890426	25564	665	0.108120	2151	20	0.001454	00
24260puebel	24261puebel	10166233	0	0.889946	8185	684	0.108569	1507	21	0.001485	00
24260puebel	24265puebel	10166233	0	0.890847	12229	661	0.107341	1145	28	0.001812	00
24261puebel	24262puebel	10166233	0	0.892854	7458	652	0.106173	1378	13	0.000973	00
24261puebel	24266puebel	10166233	0	0.891924	6678	677	0.106537	1878	22	0.001539	00
24262puebel	24264puebel	10166233	0	0.897538	6282	649	0.101074	1072	23	0.001388	00
24262puebel	24269puebel	10166233	0	0.890100	10260	669	0.108460	1389	22	0.001441	00
24263puebel	24267puebel	10166233	0	0.898541	8228	643	0.100608	896	13	0.000851	00
24264puebel	24267puebel	10166233	0	0.893457	7205	662	0.105920	815	10	0.000623	00
24265puebel	24269puebel	10166233	0	0.889670	8805	681	0.108313	3146	24	0.002017	00
24202puebel	24270puebel	10166233	0	0.895761	6431	643	0.102821	992	23	0.001418	00
24202puebel	24274puebel	10166233	0	0.885213	6889	698	0.112631	982	35	0.002155	00
24222puebel	24270puebel	10166233	0	0.902718	6857	615	0.096361	1264	14	0.000921	00
24222puebel	24274puebel	10166233	0	0.884330	7885	715	0.114303	1234	21	0.001367	00
24230puebel	24270puebel	10166233	0	0.905736	7605	604	0.093085	1093	17	0.001179	00
24230puebel	24274puebel	10166233	0	0.900990	9487	633	0.097543	999	22	0.001467	00
24231puebel	24270puebel	10166233	0	0.906453	6875	616	0.092515	1069	17	0.001032	00
24231puebel	24274puebel	10166233	0	0.906371	5816	608	0.092849	878	13	0.000780	00
24233puebel	24270puebel	10166233	0	0.887299	14088	672	0.110689	2125	28	0.002012	00
24233puebel	24274puebel	10166233	0	0.890315	13093	647	0.108397	1423	18	0.001289	00
24235puebel	24270puebel	10166233	0	0.898213	12658	635	0.101049	778	12	0.000739	00
24235puebel	24274puebel	10166233	0	0.896992	6865	645	0.102276	721	13	0.000732	00
24236puebel	24270puebel	10166233	0	0.898743	12777	603	0.099490	1397	26	0.001767	00
24236puebel	24274puebel	10166233	0	0.908309	7637	584	0.090815	1023	14	0.000875	00
24237puebel	24270puebel	10166233	0	0.895697	17871	637	0.103364	1114	15	0.000938	00
24237puebel	24274puebel	10166233	0	0.886837	8455	690	0.111050	2972	26	0.002113	00
24238puebel	24270puebel	10166233	0	0.896599	8016	642	0.102271	849	19	0.001129	00
24238puebel	24274puebel	10166233	0	0.894467	8528	661	0.104210	991	22	0.001323	00
24239puebel	24270puebel	10166233	0	0.893287	13651	649	0.104919	1545	27	0.001795	00
24239puebel	24274puebel	10166233	0	0.891591	8092	668	0.106745	1424	25	0.001664	00
24241puebel	24270puebel	10166233	0	0.901844	9027	609	0.097177	815	16	0.000979	00
24241puebel	24274puebel	10166233	0	0.892803	10013	651	0.105640	1284	23	0.001557	00
24242puebel	24270puebel	10166233	0	0.892879	7957	658	0.105954	806	20	0.001167	00
24242puebel	24274puebel	10166233	0	0.881965	8790	707	0.116278	1301	25	0.001757	00
24243puebel	24270puebel	10166233	0	0.901135	7990	603	0.097712	1011	18	0.001153	00
24243puebel	24274puebel	10166233	0	0.902793	7369	608	0.095867	1345	20	0.001340	00
24244puebel	24270puebel	10166233	0	0.898327	8450	641	0.100771	855	14	0.000902	00
24244puebel	24274puebel	10166233	0	0.893657	6477	674	0.105425	1227	14	0.000918	00
24245puebel	24270puebel	10166233	0	0.897560	6334	649	0.101039	989	22	0.001400	00
24245puebel	24274puebel	10166233	0	0.886708	6255	682	0.111664	2077	24	0.001628	00
24246puebel	24270puebel	10166233	0	0.889004	7934	666	0.109558	960	24	0.001438	00
24246puebel	24274puebel	10166233	0	0.881533	8433	693	0.115972	1132	37	0.002495	00
24247puebel	24270puebel	10166233	0	0.897677	7937	630	0.100786	1346	24	0.001537	00
24247puebel	24274puebel	10166233	0	0.895296	7899	653	0.103803	950	13	0.000901	00
24248puebel	24270puebel	10166233	0	0.896253	8413	647	0.102645	1444	16	0.001102	00
24248puebel	24274puebel	10166233	0	0.894298	9970	654	0.105006	918	11	0.000696	00
24249puebel	24270puebel	10166233	0	0.887917	13487	665	0.110230	1221	28	0.001854	00
24249puebel	24274puebel	10166233	0	0.888887	9839	664	0.109748	1162	21	0.001364	00
24250puebel	24270puebel	10166233	0	0.899435	7353	634	0.099478	951	17	0.001086	00
24250puebel	24274puebel	10166233	0	0.894038	7259	648	0.104715	1061	18	0.001247	00
24251puebel	24270puebel	10166233	0	0.900072	7596	632	0.098828	1261	14	0.001100	00
24251puebel	24274puebel	10166233	0	0.883824	12638	703	0.114308	1703	29	0.001868	00
24256puebel	24270puebel	10166233	0	0.906540	6212	596	0.092313	904	17	0.001146	00
24256puebel	24274puebel	10166233	0	0.909862	6661	583	0.088847	954	19	0.001291	00
24259puebel	24270puebel	10166233	0	0.902043	7444	638	0.096665	1038	21	0.001292	00
24259puebel	24274puebel	10166233	0	0.895309	11268	650	0.104002	958	11	0.000689	00
24260puebel	24270puebel	10166233	0	0.893928	10705	662	0.104717	1451	20	0.001355	00
24260puebel	24274puebel	10166233	0	0.889467	7904	675	0.109197	1450	21	0.001336	00
24261puebel	24270puebel	10166233	0	0.899159	7649	634	0.099747	780	19	0.001094	00
24261puebel	24274puebel	10166233	0	0.895606	9516	639	0.103530	1365	13	0.000864	00
24262puebel	24270puebel	10166233	0	0.895004	6691	651	0.103483	878	24	0.001512	00
24262puebel	24274puebel	10166233	0	0.886186	10602	678	0.112163	973	27	0.001651	00
24263puebel	24270puebel	10166233	0	0.904530	7704	613	0.094615	879	13	0.000855	00
24263puebel	24274puebel	10166233	0	0.898479	6510	650	0.100539	942	15	0.000982	00
24264puebel	24270puebel	10166233	0	0.900375	6659	634	0.098706	886	14	0.000919	00
24264puebel	24274puebel	10166233	0	0.892858	8160	675	0.105847	1363	19	0.001295	00
24265puebel	24270puebel	10166233	0	0.889126	8213	669	0.109591	956	20	0.001282	00
24265puebel	24274puebel	10166233	0	0.879992	7631	729	0.118211	945	27	0.001797	00
24266puebel	24270puebel	10166233	0	0.887318	34518	680	0.111195	942	23	0.001487	00
24266puebel	24274puebel	10166233	0	0.878504	18890	684	0.119056	2085	33	0.002440	00
24267puebel	24270puebel	10166233	0	0.882815	27602	676	0.114794	1623	33	0.002391	00
24267puebel	24274puebel	10166233	0	0.883278	10117	693	0.115622	895	18	0.001100	00
24269puebel	24270puebel	10166233	0	0.881668	15916	677	0.116657	1394	23	0.001674	00
24269puebel	24274puebel	10166233	0	0.890029	7884	676	0.108349	1206	25	0.001622	00
24270puebel	24271puebel	10166233	0	0.892719	10224	654	0.106146	864	19	0.001135	00
24270puebel	24275puebel	10166233	0	0.878799	13702	668	0.120209	1286	14	0.000992	00
24271puebel	24273puebel	10166233	0	0.882763	7549	723	0.115434	1571	26	0.001803	00
24271puebel	24281puebel	10166233	0	0.888155	7416	668	0.109788	1552	30	0.002056	00
24272puebel	24276puebel	10166233	0	0.896370	12719	638	0.102201	1407	20	0.001429	00
24273puebel	24276puebel	10166233	0	0.898861	7112	621	0.099821	1000	21	0.001318	00
24274puebel	24281puebel	10166233	0	0.886881	11716	664	0.110867	1617	30	0.002252	00
24202puebel	24282puebel	10166233	0	0.874745	10203	723	0.123286	1593	31	0.001968	00
24202puebel	24286puebel	10166233	0	0.882642	7538	691	0.115733	1442	23	0.001625	00
24222puebel	24282puebel	10166233	0	0.891981	9035	670	0.106968	1006	17	0.001051	00
24222puebel	24286puebel	10166233	0	0.891997	7103	675	0.106644	1190	21	0.001359	00
24230puebel	24282puebel	10166233	0	0.898962	6047	632	0.099764	923	20	0.001274	00
24230puebel	24286puebel	10166233	0	0.905757	6684	594	0.093467	886	13	0.000776	00
24231puebel	24282puebel	10166233	0	0.908130	6128	587	0.090673	895	19	0.001197	00
24231puebel	24286puebel	10166233	0	0.911139	6668	588	0.088228	746	11	0.000632	00
24233puebel	24282puebel	10166233	0	0.886697	13018	667	0.111396	1650	27	0.001907	00
24233puebel	24286puebel	10166233	0	0.880149	8617	701	0.118023	1186	28	0.001828	00
24235puebel	24282puebel	10166233	0	0.896978	8069	646	0.102133	1086	14	0.000889	00
24235puebel	24286puebel	10166233	0	0.901616	9819	623	0.097429	1336	15	0.000955	00
24236puebel	24282puebel	10166233	0	0.902607	6439	602	0.096113	888	21	0.001280	00
24236puebel	24286puebel	10166233	0	0.908931	7826	580	0.089827	770	21	0.001243	00
24237puebel	24282puebel	10166233	0	0.881738	8017	712	0.116369	1046	28	0.001893	00
24237puebel	24286puebel	10166233	0	0.884233	10109	701	0.113038	1875	36	0.002728	00
24238puebel	24282puebel	10166233	0	0.901923	7660	613	0.096411	1930	24	0.001666	00
24238puebel	24286puebel	10166233	0	0.895169	8280	644	0.103552	1484	18	0.001280	00
24239puebel	24282puebel	10166233	0	0.886691	8029	691	0.111146	1241	32	0.002163	00
24239puebel	24286puebel	10166233	0	0.887146	8896	668	0.111991	792	14	0.000863	00
24241puebel	24282puebel	10166233	0	0.891815	7794	668	0.106836	1153	20	0.001349	00
24241puebel	24286puebel	10166233	0	0.887590	10797	689	0.111165	1203	20	0.001245	00
24242puebel	24282puebel	10166233	0	0.883189	11930	694	0.114913	1422	29	0.001898	00
24242puebel	24286puebel	10166233	0	0.880849	8783	716	0.117714	1109	22	0.001436	00
24243puebel	24282puebel	10166233	0	0.898074	8722	649	0.100291	1499	23	0.001635	00
24251puebel	24269puebel	10166233	0	0.889014	16274	670	0.109234	1202	26	0.001752	00
24256puebel	24264puebel	10166233	0	0.903318	6847	623	0.095907	953	12	0.000774	00
24256puebel	24269puebel	10166233	0	0.904367	8833	618	0.094836	763	14	0.000797	00
24259puebel	24264puebel	10166233	0	0.901715	7444	610	0.097157	1188	18	0.001129	00
24259puebel	24269puebel	10166233	0	0.894445	8713	656	0.104051	1890	23	0.001504	00
24260puebel	24264puebel	10166233	0	0.897884	8585	653	0.101037	958	17	0.001079	00
24260puebel	24269puebel	10166233	0	0.894891	5269	659	0.104036	1021	17	0.001072	00
24261puebel	24265puebel	10166233	0	0.887115	12194	687	0.111565	993	22	0.001320	00
24262puebel	24263puebel	10166233	0	0.906933	6302	588	0.091749	975	23	0.001317	00
24262puebel	24267puebel	10166233	0	0.890690	8322	675	0.108623	777	12	0.000686	00
24263puebel	24266puebel	10166233	0	0.908053	9879	598	0.090477	1044	23	0.001471	00
24264puebel	24266puebel	10166233	0	0.896826	7742	650	0.101865	1367	20	0.001309	00
24265puebel	24267puebel	10166233	0	0.880101	10070	727	0.117961	1302	30	0.001938	00
24267puebel	24269puebel	10166233	0	0.873209	11079	734	0.124636	1879	31	0.002155	00
24202puebel	24273puebel	10166233	0	0.881588	8162	697	0.116624	1554	26	0.001788	00
24202puebel	24281puebel	10166233	0	0.890451	10573	666	0.108070	2043	20	0.001479	00
24222puebel	24273puebel	10166233	0	0.887778	7321	696	0.110400	1223	28	0.001822	00
24222puebel	24281puebel	10166233	0	0.891249	6374	678	0.107516	1034	20	0.001235	00
24230puebel	24273puebel	10166233	0	0.899583	6823	664	0.099702	771	12	0.000715	00
24230puebel	24281puebel	10166233	0	0.903967	8434	618	0.095121	1210	14	0.000912	00
24231puebel	24273puebel	10166233	0	0.907671	7168	590	0.091580	741	12	0.000749	00
24231puebel	24281puebel	10166233	0	0.912991	8015	572	0.086403	856	10	0.000606	00
24233puebel	24273puebel	10166233	0	0.886584	11739	666	0.111880	1333	22	0.001537	00
24233puebel	24281puebel	10166233	0	0.890646	13950	657	0.108113	1204	19	0.001242	00
24235puebel	24273puebel	10166233	0	0.898600	4984	648	0.100054	1036	21	0.001345	00
24235puebel	24281puebel	10166233	0	0.899850	7676	612	0.099042	980	17	0.001108	00
24236puebel	24273puebel	10166233	0	0.912385	5830	563	0.086610	930	16	0.001005	00
24236puebel	24281puebel	10166233	0	0.909562	5824	581	0.089744	1498	10	0.000694	00
24237puebel	24273puebel	10166233	0	0.881473	9238	692	0.116475	1376	31	0.002052	00
24237puebel	24281puebel	10166233	0	0.886058	7574	671	0.112704	1210	17	0.001238	00
24238puebel	24273puebel	10166233	0	0.893114	8906	653	0.105310	1143	24	0.001576	00
24238puebel	24281puebel	10166233	0	0.894233	8351	645	0.104810	1184	15	0.000957	00
24239puebel	24273puebel	10166233	0	0.885905	10209	680	0.112161	2059	29	0.001935	00
24239puebel	24281puebel	10166233	0	0.890408	6941	665	0.108838	977	11	0.000754	00
24241puebel	24273puebel	10166233	0	0.892956	6967	674	0.105317	985	28	0.001727	00
24241puebel	24281puebel	10166233	0	0.886439	8645	684	0.111821	1187	28	0.001740	00
24242puebel	24273puebel	10166233	0	0.885360	12303	672	0.112782	1157	28	0.001859	00
24242puebel	24281puebel	10166233	0	0.882494	6817	720	0.116114	1037	21	0.001392	00
24243puebel	24273puebel	10166233	0	0.900709	7716	620	0.098258	1133	16	0.001034	00
24243puebel	24281puebel	10166233	0	0.902689	8634	613	0.096222	1183	16	0.001089	00
24244puebel	24273puebel	10166233	0	0.901404	6397	638	0.097842	1111	12	0.000754	00
24244puebel	24281puebel	10166233	0	0.907635	5362	592	0.091368	1354	14	0.000997	00
24245puebel	24273puebel	10166233	0	0.890622	7079	680	0.107549	1014	28	0.001829	00
24245puebel	24281puebel	10166233	0	0.890498	8095	655	0.107686	1703	27	0.001816	00
24246puebel	24273puebel	10166233	0	0.883836	9526	687	0.113785	1241	33	0.002379	00
24246puebel	24281puebel	10166233	0	0.892987	8219	643	0.104887	949	33	0.002126	00
24247puebel	24273puebel	10166233	0	0.890878	7057	684	0.107579	1371	23	0.001543	00
24247puebel	24281puebel	10166233	0	0.893424	9626	666	0.104971	916	26	0.001606	00
24248puebel	24273puebel	10166233	0	0.896344	9062	648	0.102511	974	18	0.001145	00
24248puebel	24281puebel	10166233	0	0.899307	6920	625	0.099724	834	16	0.000969	00
24249puebel	24273puebel	10166233	0	0.883683	15584	699	0.114914	1056	22	0.001404	00
24249puebel	24281puebel	10166233	0	0.888462	14077	675	0.110051	1067	21	0.001487	00
24250puebel	24273puebel	10166233	0	0.901665	6169	615	0.096805	1284	23	0.001530	00
24250puebel	24281puebel	10166233	0	0.900998	13659	614	0.097788	966	18	0.001214	00
24251puebel	24273puebel	10166233	0	0.882675	6470	719	0.115492	1167	28	0.001833	00
24251puebel	24281puebel	10166233	0	0.887841	9979	663	0.110470	1554	26	0.001689	00
24256puebel	24273puebel	10166233	0	0.900500	6561	646	0.098452	1098	16	0.001048	00
24256puebel	24281puebel	10166233	0	0.906284	7496	607	0.092306	1098	22	0.001410	00
24259puebel	24273puebel	10166233	0	0.894388	8925	645	0.104975	802	10	0.000637	00
24259puebel	24281puebel	10166233	0	0.894021	7173	669	0.105118	739	15	0.000861	00
24260puebel	24273puebel	10166233	0	0.891898	9202	664	0.106738	840	23	0.001365	00
24260puebel	24281puebel	10166233	0	0.889785	16396	655	0.108643	1173	24	0.001572	00
24261puebel	24273puebel	10166233	0	0.886803	15357	668	0.111688	1385	21	0.001509	00
24261puebel	24281puebel	10166233	0	0.890565	7493	670	0.108131	1040	19	0.001304	00
24262puebel	24273puebel	10166233	0	0.887580	12709	667	0.110475	985	30	0.001946	00
24262puebel	24281puebel	10166233	0	0.888455	7324	671	0.109694	1529	28	0.001851	00
24263puebel	24273puebel	10166233	0	0.902507	6523	648	0.096354	783	19	0.001139	00
24263puebel	24281puebel	10166233	0	0.898971	5105	648	0.099878	921	17	0.001151	00
24264puebel	24273puebel	10166233	0	0.893842	6441	663	0.105068	1012	16	0.001089	00
24264puebel	24281puebel	10166233	0	0.896011	8764	668	0.102872	970	18	0.001117	00
24265puebel	24273puebel	10166233	0	0.881303	11022	713	0.117078	1184	25	0.001619	00
24265puebel	24281puebel	10166233	0	0.886826	10043	677	0.111418	2192	25	0.001756	00
24266puebel	24273puebel	10166233	0	0.881431	8200	720	0.117166	933	23	0.001404	00
24266puebel	24281puebel	10166233	0	0.881413	13088	707	0.115920	1481	37	0.002666	00
24267puebel	24273puebel	10166233	0	0.884529	7235	700	0.114470	1022	17	0.001001	00
24267puebel	24281puebel	10166233	0	0.886418	7112	687	0.112083	803	26	0.001498	00
24269puebel	24273puebel	10166233	0	0.881582	9900	706	0.117083	982	21	0.001334	00
24269puebel	24281puebel	10166233	0	0.893146	9427	671	0.105352	1107	23	0.001503	00
24270puebel	24274puebel	10166233	0	0.895111	9872	654	0.103837	1145	17	0.001052	00
24271puebel	24272puebel	10166233	0	0.898047	9689	644	0.100891	739	19	0.001062	00
24271puebel	24276puebel	10166233	0	0.894057	9036	641	0.104486	1229	22	0.001457	00
24272puebel	24275puebel	10166233	0	0.893860	6270	686	0.104973	866	19	0.001166	00
24273puebel	24275puebel	10166233	0	0.885610	8936	676	0.112890	1439	22	0.001499	00
24274puebel	24276puebel	10166233	0	0.896437	8653	652	0.102457	922	18	0.001106	00
24276puebel	24281puebel	10166233	0	0.898461	7930	627	0.100395	1127	15	0.001144	00
24202puebel	24285puebel	10166233	0	0.898326	7485	647	0.100544	1097	18	0.001131	00
24202puebel	24299puebel	10166233	0	0.881287	10177	722	0.117163	1721	20	0.001551	00
24222puebel	24285puebel	10166233	0	0.895078	34361	642	0.103281	1302	24	0.001641	00
24222puebel	24299puebel	10166233	0	0.890583	9801	661	0.107799	1100	25	0.001618	00
24230puebel	24285puebel	10166233	0	0.906088	9984	596	0.092566	842	24	0.001347	00
24230puebel	24299puebel	10166233	0	0.901033	25745	606	0.098107	770	15	0.000860	00
24231puebel	24285puebel	10166233	0	0.910032	5236	581	0.089374	1086	10	0.000595	00
24231puebel	24299puebel	10166233	0	0.907742	6698	585	0.091386	785	15	0.000872	00
24233puebel	24285puebel	10166233	0	0.893969	8821	649	0.104947	823	18	0.001084	00
24233puebel	24299puebel	10166233	0	0.876961	24268	725	0.121189	1057	29	0.001849	00
24235puebel	24285puebel	10166233	0	0.900071	10040	629	0.098614	1508	19	0.001315	00
24235puebel	24299puebel	10166233	0	0.896943	5785	650	0.102357	740	12	0.000700	00
24236puebel	24285puebel	10166233	0	0.909434	7508	581	0.089670	765	15	0.000896	00
24236puebel	24299puebel	10166233	0	0.906449	9356	594	0.092488	810	17	0.001062	00
24237puebel	24285puebel	10166233	0	0.892945	11325	672	0.105375	1162	25	0.001680	00
24237puebel	24299puebel	10166233	0	0.881704	16439	688	0.116013	1763	33	0.002283	00
24238puebel	24285puebel	10166233	0	0.903651	8554	616	0.095260	1142	17	0.001089	00
24238puebel	24299puebel	10166233	0	0.897226	7799	616	0.101748	886	18	0.001026	00
24239puebel	24285puebel	10166233	0	0.898449	9573	626	0.100296	1080	19	0.001256	00
24239puebel	24299puebel	10166233	0	0.883516	6884	717	0.115156	1406	21	0.001329	00
24241puebel	24285puebel	10166233	0	0.891651	13132	672	0.106962	989	22	0.001387	00
24241puebel	24299puebel	10166233	0	0.890492	8005	673	0.107776	1082	28	0.001732	00
24242puebel	24285puebel	10166233	0	0.898509	6859	628	0.100197	1494	20	0.001294	00
24242puebel	24299puebel	10166233	0	0.885243	16362	683	0.112911	1315	28	0.001846	00
24243puebel	24285puebel	10166233	0	0.900161	10086	644	0.098522	850	22	0.001317	00
24251puebel	24266puebel	10166233	0	0.892400	9798	666	0.105604	1554	26	0.001997	00
24256puebel	24262puebel	10166233	0	0.908911	7496	580	0.089571	1613	22	0.001519	00
24256puebel	24266puebel	10166233	0	0.905374	9473	627	0.093032	812	26	0.001594	00
24259puebel	24262puebel	10166233	0	0.892075	9130	661	0.107387	829	9	0.000538	00
24259puebel	24266puebel	10166233	0	0.895622	9268	639	0.103538	1141	13	0.000840	00
24260puebel	24262puebel	10166233	0	0.891796	12028	647	0.106756	1164	20	0.001448	00
24260puebel	24266puebel	10166233	0	0.889413	7335	682	0.108931	1329	25	0.001656	00
24261puebel	24263puebel	10166233	0	0.903103	6752	623	0.095922	1155	15	0.000975	00
24261puebel	24267puebel	10166233	0	0.891124	7838	691	0.107537	880	21	0.001339	00
24262puebel	24265puebel	10166233	0	0.884925	13003	681	0.112815	1187	33	0.002260	00
24263puebel	24264puebel	10166233	0	0.898628	6517	643	0.100311	1452	16	0.001061	00
24263puebel	24269puebel	10166233	0	0.907206	6025	610	0.091876	976	15	0.000918	00
24264puebel	24269puebel	10166233	0	0.888565	7267	699	0.110434	1096	16	0.001001	00
24266puebel	24267puebel	10166233	0	0.884631	7547	690	0.113958	1542	21	0.001412	00
24202puebel	24271puebel	10166233	0	0.878000	11793	723	0.119748	1177	33	0.002252	00
24202puebel	24275puebel	10166233	0	0.884334	7067	698	0.114271	922	22	0.001395	00
24222puebel	24271puebel	10166233	0	0.891489	7875	677	0.106596	2203	27	0.001915	00
24222puebel	24275puebel	10166233	0	0.893234	10722	644	0.105081	1246	25	0.001685	00
24230puebel	24271puebel	10166233	0	0.896818	8261	640	0.101703	1093	22	0.001479	00
24230puebel	24275puebel	10166233	0	0.902293	9445	619	0.096591	863	18	0.001115	00
24231puebel	24271puebel	10166233	0	0.907698	7499	613	0.091285	953	16	0.001018	00
24231puebel	24275puebel	10166233	0	0.903735	7071	609	0.095529	1304	12	0.000736	00
24233puebel	24271puebel	10166233	0	0.894353	6267	641	0.104514	877	19	0.001134	00
24233puebel	24275puebel	10166233	0	0.881008	14825	690	0.116547	1598	35	0.002445	00
24235puebel	24271puebel	10166233	0	0.900017	6949	624	0.099049	1064	14	0.000935	00
24235puebel	24275puebel	10166233	0	0.901518	7287	622	0.097684	979	13	0.000798	00
24236puebel	24271puebel	10166233	0	0.903321	6015	620	0.095592	854	17	0.001087	00
24236puebel	24275puebel	10166233	0	0.893914	25853	629	0.104978	1476	16	0.001108	00
24237puebel	24271puebel	10166233	0	0.881634	10037	690	0.116474	1154	30	0.001891	00
24237puebel	24275puebel	10166233	0	0.889107	9200	684	0.109809	1382	16	0.001084	00
24238puebel	24271puebel	10166233	0	0.893139	7391	667	0.105544	940	22	0.001317	00
24238puebel	24275puebel	10166233	0	0.898266	6607	633	0.101008	866	12	0.000725	00
24239puebel	24271puebel	10166233	0	0.889631	6403	679	0.109184	1076	19	0.001186	00
24239puebel	24275puebel	10166233	0	0.877606	18241	710	0.121006	1673	21	0.001388	00
24241puebel	24271puebel	10166233	0	0.889781	7219	658	0.108815	2028	20	0.001404	00
24241puebel	24275puebel	10166233	0	0.885316	9801	706	0.113628	932	18	0.001056	00
24242puebel	24271puebel	10166233	0	0.881431	13033	698	0.117289	1191	18	0.001280	00
24242puebel	24275puebel	10166233	0	0.885341	7958	676	0.113201	1286	22	0.001459	00
24243puebel	24271puebel	10166233	0	0.892130	8023	683	0.106138	1428	24	0.001732	00
24243puebel	24275puebel	10166233	0	0.899587	8112	636	0.099011	1293	19	0.001402	00
24244puebel	24271puebel	10166233	0	0.896212	6574	635	0.102952	1021	14	0.000836	00
24244puebel	24275puebel	10166233	0	0.897817	9372	611	0.100937	850	20	0.001247	00
24245puebel	24271puebel	10166233	0	0.881952	12214	709	0.116414	992	25	0.001633	00
24245puebel	24275puebel	10166233	0	0.887421	6504	686	0.111812	1113	11	0.000767	00
24246puebel	24271puebel	10166233	0	0.884732	10648	688	0.113855	995	21	0.001413	00
24246puebel	24275puebel	10166233	0	0.887898	10986	669	0.110911	2063	17	0.001191	00
24247puebel	24271puebel	10166233	0	0.894785	7751	641	0.103262	926	31	0.001953	00
24247puebel	24275puebel	10166233	0	0.893943	7079	664	0.104858	739	20	0.001200	00
24248puebel	24271puebel	10166233	0	0.900859	7175	631	0.097954	1035	19	0.001187	00
24248puebel	24275puebel	10166233	0	0.892915	7178	664	0.106387	1088	11	0.000698	00
24249puebel	24271puebel	10166233	0	0.881526	12505	692	0.116748	1367	25	0.001726	00
24249puebel	24275puebel	10166233	0	0.883811	18228	650	0.114742	1431	19	0.001447	00
24250puebel	24271puebel	10166233	0	0.897704	10629	640	0.100795	1187	23	0.001501	00
24250puebel	24275puebel	10166233	0	0.899361	7021	648	0.099750	832	15	0.000889	00
24251puebel	24271puebel	10166233	0	0.886341	9574	695	0.111851	1325	26	0.001808	00
24251puebel	24275puebel	10166233	0	0.891747	7646	669	0.106999	1299	19	0.001255	00
24256puebel	24271puebel	10166233	0	0.903906	9478	600	0.094646	970	25	0.001447	00
24256puebel	24275puebel	10166233	0	0.905089	6144	607	0.094227	849	11	0.000684	00
24259puebel	24271puebel	10166233	0	0.889529	8788	680	0.109243	873	20	0.001228	00
24259puebel	24275puebel	10166233	0	0.895590	8955	628	0.103442	946	14	0.000968	00
24260puebel	24271puebel	10166233	0	0.894198	6742	659	0.104034	3080	23	0.001767	00
24260puebel	24275puebel	10166233	0	0.890925	8645	693	0.107926	1004	19	0.001149	00
24261puebel	24271puebel	10166233	0	0.888359	12616	682	0.110562	1302	17	0.001079	00
24261puebel	24275puebel	10166233	0	0.890647	7342	658	0.107927	1194	21	0.001425	00
24262puebel	24271puebel	10166233	0	0.880702	9290	712	0.118377	722	16	0.000920	00
24262puebel	24275puebel	10166233	0	0.893049	8426	667	0.105523	853	24	0.001428	00
24263puebel	24271puebel	10166233	0	0.894938	8328	664	0.103758	1301	19	0.001303	00
24263puebel	24275puebel	10166233	0	0.896335	5437	668	0.102748	1343	13	0.000917	00
24264puebel	24271puebel	10166233	0	0.900764	6515	631	0.097815	1230	20	0.001421	00
24264puebel	24275puebel	10166233	0	0.898619	9082	644	0.100347	1061	16	0.001034	00
24265puebel	24271puebel	10166233	0	0.880088	8827	719	0.117930	2336	26	0.001981	00
24265puebel	24275puebel	10166233	0	0.891626	7818	667	0.106995	981	22	0.001378	00
24266puebel	24271puebel	10166233	0	0.886158	8876	684	0.111939	1314	29	0.001903	00
24266puebel	24275puebel	10166233	0	0.886893	18448	678	0.111935	1278	19	0.001172	00
24267puebel	24271puebel	10166233	0	0.880515	7762	713	0.118266	953	21	0.001218	00
24267puebel	24275puebel	10166233	0	0.876979	18632	698	0.121155	2282	27	0.001866	00
24269puebel	24271puebel	10166233	0	0.887150	12365	684	0.111516	1046	21	0.001335	00
24269puebel	24275puebel	10166233	0	0.877116	17354	687	0.120262	1846	35	0.002622	00
24270puebel	24272puebel	10166233	0	0.898527	7688	619	0.100441	959	16	0.001032	00
24270puebel	24276puebel	10166233	0	0.898490	9037	628	0.100241	1326	20	0.001269	00
24271puebel	24274puebel	10166233	0	0.880379	10323	706	0.116960	1455	37	0.002661	00
24272puebel	24273puebel	10166233	0	0.896324	7812	662	0.103016	799	11	0.000660	00
24272puebel	24281puebel	10166233	0	0.902474	7905	636	0.096143	1189	22	0.001383	00
24273puebel	24281puebel	10166233	0	0.885544	9932	681	0.112329	1000	33	0.002128	00
24275puebel	24276puebel	10166233	0	0.893245	7309	662	0.105396	1140	21	0.001360	00
24202puebel	24283puebel	10166233	0	0.889041	8310	673	0.109418	1120	23	0.001542	00
24202puebel	24290puebel	10166233	0	0.881486	6397	729	0.117140	2204	17	0.001373	00
24222puebel	24283puebel	10166233	0	0.893753	10077	651	0.104357	1062	30	0.001890	00
24222puebel	24290puebel	10166233	0	0.891538	8470	673	0.106323	2198	29	0.002139	00
24230puebel	24283puebel	10166233	0	0.901395	8534	623	0.097797	1014	12	0.000807	00
24230puebel	24290puebel	10166233	0	0.901965	6181	647	0.096712	1003	20	0.001322	00
24231puebel	24283puebel	10166233	0	0.910242	5511	588	0.089124	1335	10	0.000634	00
24231puebel	24290puebel	10166233	0	0.907723	6245	604	0.091468	1143	13	0.000809	00
24233puebel	24283puebel	10166233	0	0.880210	14092	700	0.117265	2013	34	0.002525	00
24233puebel	24290puebel	10166233	0	0.881459	16401	693	0.116566	1219	30	0.001974	00
24235puebel	24283puebel	10166233	0	0.901321	7410	623	0.097743	862	16	0.000936	00
24235puebel	24290puebel	10166233	0	0.895989	6034	652	0.102576	1108	21	0.001435	00
24236puebel	24283puebel	10166233	0	0.896768	15482	603	0.102076	1432	19	0.001156	00
24236puebel	24290puebel	10166233	0	0.897516	15202	603	0.101415	1173	16	0.001070	00
24237puebel	24283puebel	10166233	0	0.890269	6545	678	0.108188	1398	22	0.001542	00
24237puebel	24290puebel	10166233	0	0.881277	10086	717	0.116936	1082	28	0.001787	00
24238puebel	24283puebel	10166233	0	0.903073	6842	603	0.095909	847	17	0.001018	00
24238puebel	24290puebel	10166233	0	0.898135	8223	631	0.100254	1814	24	0.001611	00
24239puebel	24283puebel	10166233	0	0.887927	13873	663	0.110508	1706	22	0.001565	00
24239puebel	24290puebel	10166233	0	0.888246	15032	640	0.109668	947	33	0.002086	00
24241puebel	24283puebel	10166233	0	0.893689	8749	670	0.105208	1204	17	0.001102	00
24241puebel	24290puebel	10166233	0	0.890009	6856	683	0.108603	1331	21	0.001388	00
24242puebel	24283puebel	10166233	0	0.886772	6961	685	0.111918	1245	19	0.001310	00
24242puebel	24290puebel	10166233	0	0.891022	10191	689	0.107372	2626	21	0.001605	00
24243puebel	24283puebel	10166233	0	0.898679	6668	664	0.100277	1456	15	0.001043	00
24243puebel	24297puebel	10166233	0	0.899632	6964	639	0.099399	787	17	0.000970	00
24244puebel	24284puebel	10166233	0	0.889513	8940	688	0.109261	1104	19	0.001226	00
24244puebel	24297puebel	10166233	0	0.903543	20266	615	0.095464	1086	16	0.000993	00
24245puebel	24284puebel	10166233	0	0.890812	6693	644	0.107977	885	21	0.001211	00
24245puebel	24297puebel	10166233	0	0.899266	9853	631	0.099383	1318	21	0.001351	00
24246puebel	24284puebel	10166233	0	0.886096	10940	708	0.112391	1083	24	0.001514	00
24246puebel	24297puebel	10166233	0	0.897141	6972	634	0.101076	1539	26	0.001783	00
24247puebel	24284puebel	10166233	0	0.894835	6441	669	0.104096	1213	17	0.001069	00
24247puebel	24297puebel	10166233	0	0.894923	8538	654	0.103299	1791	25	0.001779	00
24248puebel	24284puebel	10166233	0	0.896892	33422	633	0.102400	1323	10	0.000708	00
24248puebel	24297puebel	10166233	0	0.897528	20570	648	0.101526	1165	15	0.000946	00
24249puebel	24284puebel	10166233	0	0.872778	32110	699	0.125376	1036	29	0.001846	00
24249puebel	24297puebel	10166233	0	0.893083	20761	652	0.105629	863	21	0.001288	00
24250puebel	24284puebel	10166233	0	0.896452	14871	641	0.102270	1387	19	0.001278	00
24250puebel	24297puebel	10166233	0	0.889223	15197	680	0.108935	977	29	0.001841	00
24251puebel	24284puebel	10166233	0	0.890100	7830	676	0.108524	1309	21	0.001376	00
24251puebel	24297puebel	10166233	0	0.896005	8126	643	0.102705	1033	20	0.001290	00
24256puebel	24284puebel	10166233	0	0.903662	8027	617	0.095905	772	7	0.000433	00
24256puebel	24297puebel	10166233	0	0.907448	6855	595	0.091483	1356	16	0.001069	00
24259puebel	24284puebel	10166233	0	0.887785	32512	666	0.110852	752	24	0.001363	00
24259puebel	24297puebel	10166233	0	0.896357	21133	650	0.102957	1031	11	0.000686	00
24260puebel	24284puebel	10166233	0	0.888567	6433	693	0.110383	1006	17	0.001051	00
24260puebel	24297puebel	10166233	0	0.901956	6032	622	0.096954	934	16	0.001090	00
24261puebel	24284puebel	10166233	0	0.890279	12152	645	0.108281	1325	23	0.001440	00
24261puebel	24297puebel	10166233	0	0.896073	12915	644	0.102295	1876	24	0.001631	00
24262puebel	24284puebel	10166233	0	0.887082	11615	683	0.111467	1050	22	0.001450	00
24262puebel	24297puebel	10166233	0	0.892982	8119	654	0.104599	1344	36	0.002419	00
24263puebel	24284puebel	10166233	0	0.900537	7319	621	0.098184	1289	19	0.001279	00
24263puebel	24297puebel	10166233	0	0.900346	6535	640	0.098525	809	18	0.001128	00
24264puebel	24284puebel	10166233	0	0.896021	6286	660	0.103096	1224	13	0.000884	00
24264puebel	24297puebel	10166233	0	0.896810	7644	637	0.101837	2209	19	0.001353	00
24265puebel	24284puebel	10166233	0	0.887709	27082	665	0.110183	1246	31	0.002108	00
24265puebel	24297puebel	10166233	0	0.894228	20918	640	0.104329	943	22	0.001443	00
24266puebel	24284puebel	10166233	0	0.880192	13183	712	0.118143	1048	25	0.001665	00
24266puebel	24297puebel	10166233	0	0.903147	9839	631	0.095398	1059	22	0.001456	00
24267puebel	24284puebel	10166233	0	0.882025	13955	685	0.116055	1122	30	0.001920	00
24267puebel	24297puebel	10166233	0	0.897280	6398	658	0.101376	1077	21	0.001344	00
24269puebel	24284puebel	10166233	0	0.880117	11704	686	0.117938	1174	30	0.001944	00
24269puebel	24297puebel	10166233	0	0.901655	5809	629	0.097044	1125	20	0.001301	00
24270puebel	24284puebel	10166233	0	0.881928	10827	687	0.116148	2085	28	0.001924	00
24270puebel	24297puebel	10166233	0	0.900314	11113	620	0.098606	962	17	0.001080	00
24271puebel	24284puebel	10166233	0	0.889706	12407	666	0.108807	1192	24	0.001487	00
24271puebel	24297puebel	10166233	0	0.895655	7218	649	0.102887	1244	22	0.001458	00
24272puebel	24284puebel	10166233	0	0.898453	7738	644	0.100552	775	17	0.000996	00
24272puebel	24297puebel	10166233	0	0.897647	8399	636	0.100807	1309	20	0.001546	00
24273puebel	24284puebel	10166233	0	0.886011	11150	689	0.112954	1193	15	0.001035	00
24273puebel	24297puebel	10166233	0	0.897835	6731	647	0.100851	968	20	0.001315	00
24274puebel	24284puebel	10166233	0	0.891343	9547	667	0.107280	1156	21	0.001377	00
24274puebel	24297puebel	10166233	0	0.898529	7304	634	0.100226	1070	20	0.001245	00
24275puebel	24284puebel	10166233	0	0.876769	16994	684	0.121074	1314	32	0.002157	00
24275puebel	24297puebel	10166233	0	0.897913	5751	656	0.101085	874	17	0.001002	00
24276puebel	24284puebel	10166233	0	0.893111	10512	667	0.105569	1197	21	0.001320	00
24276puebel	24297puebel	10166233	0	0.898753	21257	606	0.098646	2514	31	0.002601	00
24281puebel	24284puebel	10166233	0	0.886917	7336	682	0.111675	1107	21	0.001408	00
24281puebel	24297puebel	10166233	0	0.894885	8032	646	0.103946	1174	19	0.001169	00
24282puebel	24285puebel	10166233	0	0.898127	8246	648	0.100124	1190	26	0.001749	00
24282puebel	24299puebel	10166233	0	0.877736	12026	713	0.120850	1068	22	0.001415	00
24283puebel	24290puebel	10166233	0	0.881409	13646	677	0.117138	1255	22	0.001453	00
24284puebel	24286puebel	10166233	0	0.885088	9830	677	0.112944	1956	27	0.001968	00
24285puebel	24286puebel	10166233	0	0.895486	8977	650	0.103158	963	21	0.001356	00
24286puebel	24290puebel	10166233	0	0.885175	9813	696	0.112421	2443	33	0.002405	00
24290puebel	24299puebel	10166233	0	0.881414	11754	706	0.116836	1295	28	0.001751	00
24230puebel	24300puebel	10166233	0	0.900529	10143	634	0.098638	928	13	0.000832	00
24236puebel	24300puebel	10166233	0	0.908852	7857	573	0.090715	996	7	0.000433	00
24241puebel	24300puebel	10166233	0	0.894806	8242	667	0.103895	1085	20	0.001299	00
24245puebel	24300puebel	10166233	0	0.899269	8165	630	0.099469	876	21	0.001263	00
24249puebel	24300puebel	10166233	0	0.889451	10424	685	0.109852	1102	10	0.000697	00
24259puebel	24300puebel	10166233	0	0.894257	9286	673	0.104468	2058	17	0.001275	00
24263puebel	24300puebel	10166233	0	0.898381	8281	639	0.100370	1220	18	0.001249	00
24267puebel	24300puebel	10166233	0	0.894999	5915	653	0.103987	849	16	0.001014	00
24272puebel	24300puebel	10166233	0	0.896883	8399	631	0.101647	1267	21	0.001469	00
24276puebel	24300puebel	10166233	0	0.895368	10080	632	0.103413	1100	18	0.001219	00
24284puebel	24300puebel	10166233	0	0.891688	10466	651	0.107491	1030	13	0.000820	00
24297puebel	24300puebel	10166233	0	0.894058	10446	658	0.104671	935	20	0.001271	00
24243puebel	24299puebel	10166233	0	0.898860	10955	634	0.099435	1516	23	0.001705	00
24244puebel	24285puebel	10166233	0	0.904465	33962	597	0.095029	993	8	0.000506	00
24244puebel	24299puebel	10166233	0	0.888766	12008	687	0.110134	813	18	0.001100	00
24245puebel	24285puebel	10166233	0	0.892793	6649	672	0.106050	1078	18	0.001156	00
24245puebel	24299puebel	10166233	0	0.890020	7705	685	0.108346	1635	26	0.001633	00
24246puebel	24285puebel	10166233	0	0.890754	8050	676	0.107874	1249	19	0.001372	00
24246puebel	24299puebel	10166233	0	0.887495	8490	681	0.110699	1426	27	0.001807	00
24247puebel	24285puebel	10166233	0	0.895673	10535	651	0.102492	1146	27	0.001835	00
24247puebel	24299puebel	10166233	0	0.895134	9396	654	0.103448	1223	22	0.001418	00
24248puebel	24285puebel	10166233	0	0.904434	9697	615	0.094608	1433	14	0.000958	00
24248puebel	24299puebel	10166233	0	0.892610	24646	634	0.105924	1092	23	0.001466	00
24249puebel	24285puebel	10166233	0	0.894083	10009	648	0.104731	994	20	0.001186	00
24249puebel	24299puebel	10166233	0	0.886944	24388	660	0.111215	1149	26	0.001842	00
24250puebel	24285puebel	10166233	0	0.896654	12941	636	0.101575	951	28	0.001771	00
24250puebel	24299puebel	10166233	0	0.896447	9203	645	0.102045	1282	23	0.001508	00
24251puebel	24285puebel	10166233	0	0.899027	7843	639	0.099203	873	27	0.001770	00
24251puebel	24299puebel	10166233	0	0.883695	6931	707	0.114367	1672	31	0.001938	00
24256puebel	24285puebel	10166233	0	0.908739	7672	602	0.090237	1125	16	0.001023	00
24256puebel	24299puebel	10166233	0	0.901588	6594	627	0.097058	1873	20	0.001354	00
24259puebel	24285puebel	10166233	0	0.904177	10338	608	0.095402	1878	5	0.000420	00
24259puebel	24299puebel	10166233	0	0.891454	32494	679	0.107021	1157	23	0.001525	00
24260puebel	24285puebel	10166233	0	0.890564	8189	671	0.107782	1654	25	0.001654	00
24260puebel	24299puebel	10166233	0	0.893217	8099	655	0.105098	1422	23	0.001685	00
24261puebel	24285puebel	10166233	0	0.894003	12558	650	0.105208	1076	12	0.000790	00
24261puebel	24299puebel	10166233	0	0.882468	12106	670	0.115525	1428	31	0.002007	00
24262puebel	24285puebel	10166233	0	0.891723	8721	678	0.106238	1658	29	0.002039	00
24262puebel	24299puebel	10166233	0	0.891357	8961	655	0.107110	1009	22	0.001533	00
24263puebel	24285puebel	10166233	0	0.899870	6992	630	0.099008	1051	17	0.001123	00
24263puebel	24299puebel	10166233	0	0.899349	7677	629	0.099330	1137	19	0.001321	00
24264puebel	24285puebel	10166233	0	0.897302	9876	653	0.101270	1300	22	0.001429	00
24264puebel	24299puebel	10166233	0	0.892883	6791	666	0.106345	836	12	0.000772	00
24265puebel	24285puebel	10166233	0	0.892825	18227	656	0.105404	1878	27	0.001771	00
24265puebel	24299puebel	10166233	0	0.881868	24637	707	0.116540	1096	23	0.001592	00
24266puebel	24285puebel	10166233	0	0.893120	10985	659	0.105286	2533	22	0.001594	00
24266puebel	24299puebel	10166233	0	0.882172	9401	713	0.115748	2361	29	0.002080	00
24267puebel	24285puebel	10166233	0	0.897389	5957	635	0.100750	1301	27	0.001861	00
24267puebel	24299puebel	10166233	0	0.885532	8738	716	0.113055	1154	21	0.001413	00
24269puebel	24285puebel	10166233	0	0.902307	7076	635	0.096595	1887	16	0.001098	00
24269puebel	24299puebel	10166233	0	0.889809	9083	658	0.109039	1171	17	0.001151	00
24270puebel	24285puebel	10166233	0	0.900194	8589	627	0.098887	834	15	0.000920	00
24270puebel	24299puebel	10166233	0	0.887401	10354	677	0.111547	865	17	0.001052	00
24271puebel	24285puebel	10166233	0	0.896595	6980	646	0.102174	1022	20	0.001230	00
24271puebel	24299puebel	10166233	0	0.880588	11734	695	0.117432	1130	31	0.001979	00
24272puebel	24285puebel	10166233	0	0.892148	8531	656	0.106368	1307	23	0.001484	00
24272puebel	24299puebel	10166233	0	0.898648	6756	656	0.100123	1010	20	0.001229	00
24273puebel	24285puebel	10166233	0	0.905512	7004	599	0.092723	1480	27	0.001764	00
24273puebel	24299puebel	10166233	0	0.879547	8832	731	0.117657	1907	41	0.002796	00
24274puebel	24285puebel	10166233	0	0.893793	5387	671	0.104678	1268	23	0.001529	00
24274puebel	24299puebel	10166233	0	0.885398	6928	695	0.113134	1004	23	0.001468	00
24275puebel	24285puebel	10166233	0	0.893468	7629	670	0.105163	1636	19	0.001369	00
24275puebel	24299puebel	10166233	0	0.889602	6370	673	0.108839	1874	23	0.001559	00
24276puebel	24285puebel	10166233	0	0.888709	22704	646	0.109230	2326	26	0.002061	00
24276puebel	24299puebel	10166233	0	0.895982	9607	641	0.102484	1033	24	0.001534	00
24281puebel	24285puebel	10166233	0	0.899268	9049	630	0.099417	1347	19	0.001315	00
24281puebel	24299puebel	10166233	0	0.887860	9017	667	0.110179	1526	29	0.001961	00
24282puebel	24286puebel	10166233	0	0.882854	15886	696	0.115398	1936	24	0.001748	00
24283puebel	24284puebel	10166233	0	0.879982	15215	698	0.118044	2188	28	0.001974	00
24283puebel	24297puebel	10166233	0	0.899860	8741	633	0.098742	1421	21	0.001399	00
24284puebel	24290puebel	10166233	0	0.877840	14358	697	0.119947	1835	32	0.002213	00
24285puebel	24290puebel	10166233	0	0.897211	7157	658	0.101624	1148	19	0.001164	00
24286puebel	24297puebel	10166233	0	0.891162	7658	665	0.107485	1245	21	0.001353	00
24297puebel	24299puebel	10166233	0	0.891755	10091	647	0.106684	940	24	0.001562	00
24231puebel	24300puebel	10166233	0	0.910672	6958	579	0.088232	1273	17	0.001095	00
24237puebel	24300puebel	10166233	0	0.888067	10060	702	0.110458	1756	22	0.001475	00
24242puebel	24300puebel	10166233	0	0.892283	8914	662	0.106476	1024	19	0.001241	00
24246puebel	24300puebel	10166233	0	0.892511	7881	668	0.106534	879	15	0.000955	00
24250puebel	24300puebel	10166233	0	0.893519	8618	664	0.104239	4086	28	0.002242	00
24260puebel	24300puebel	10166233	0	0.898103	6707	662	0.100909	1578	14	0.000987	00
24264puebel	24300puebel	10166233	0	0.892977	13214	633	0.105212	1050	29	0.001812	00
24269puebel	24300puebel	10166233	0	0.895461	6559	655	0.103643	884	15	0.000896	00
24273puebel	24300puebel	10166233	0	0.895566	8672	634	0.103683	1122	11	0.000751	00
24281puebel	24300puebel	10166233	0	0.899719	7274	624	0.099020	1254	20	0.001261	00
24285puebel	24300puebel	10166233	0	0.891022	14098	671	0.107645	1933	19	0.001333	00
24299puebel	24300puebel	10166233	0	0.893317	9677	652	0.105459	1196	18	0.001224	00
24243puebel	24286puebel	10166233	0	0.895813	11646	644	0.102820	1420	19	0.001366	00
24244puebel	24282puebel	10166233	0	0.902484	6878	604	0.096854	738	12	0.000663	00
24244puebel	24286puebel	10166233	0	0.894286	6563	680	0.105049	787	11	0.000665	00
24245puebel	24282puebel	10166233	0	0.888499	10772	681	0.110543	891	15	0.000958	00
24245puebel	24286puebel	10166233	0	0.886944	7194	663	0.111538	2051	22	0.001518	00
24246puebel	24282puebel	10166233	0	0.878252	9157	716	0.119579	1647	31	0.002169	00
24246puebel	24286puebel	10166233	0	0.883534	11520	672	0.114390	1138	32	0.002076	00
24247puebel	24282puebel	10166233	0	0.895955	6625	665	0.102734	1118	20	0.001311	00
24247puebel	24286puebel	10166233	0	0.892682	10129	650	0.106124	1167	18	0.001194	00
24248puebel	24282puebel	10166233	0	0.895255	9084	650	0.103725	886	16	0.001020	00
24248puebel	24286puebel	10166233	0	0.893164	8433	668	0.105869	1367	15	0.000968	00
24249puebel	24282puebel	10166233	0	0.887212	8199	682	0.111549	1406	16	0.001239	00
24249puebel	24286puebel	10166233	0	0.882348	9113	707	0.115670	1508	27	0.001982	00
24250puebel	24282puebel	10166233	0	0.895931	7921	651	0.102740	1164	20	0.001329	00
24250puebel	24286puebel	10166233	0	0.890956	8017	682	0.108128	971	15	0.000917	00
24251puebel	24282puebel	10166233	0	0.891959	7932	665	0.106849	1207	19	0.001193	00
24251puebel	24286puebel	10166233	0	0.882467	8109	718	0.115412	1458	29	0.002121	00
24256puebel	24282puebel	10166233	0	0.904822	9149	594	0.094139	1696	15	0.001039	00
24256puebel	24286puebel	10166233	0	0.910832	6627	560	0.087999	1483	18	0.001169	00
24259puebel	24282puebel	10166233	0	0.891444	8129	659	0.107168	1094	20	0.001387	00
24259puebel	24286puebel	10166233	0	0.898187	7494	645	0.101094	1852	10	0.000719	00
24260puebel	24282puebel	10166233	0	0.892044	8499	672	0.106364	1265	25	0.001592	00
24260puebel	24286puebel	10166233	0	0.886540	10602	690	0.112092	1391	21	0.001368	00
24261puebel	24282puebel	10166233	0	0.889274	7618	660	0.108922	1793	27	0.001804	00
24261puebel	24286puebel	10166233	0	0.888854	8714	678	0.109198	1393	28	0.001948	00
24262puebel	24282puebel	10166233	0	0.889554	9577	666	0.109229	1389	20	0.001216	00
24262puebel	24286puebel	10166233	0	0.881521	10142	710	0.117031	1666	21	0.001448	00
24263puebel	24282puebel	10166233	0	0.903910	6279	604	0.095047	1025	16	0.001043	00
24263puebel	24286puebel	10166233	0	0.892598	14172	675	0.106868	1008	9	0.000534	00
24264puebel	24282puebel	10166233	0	0.891753	6794	673	0.106956	1302	20	0.001292	00
24264puebel	24286puebel	10166233	0	0.895775	7515	653	0.102942	1536	18	0.001283	00
24265puebel	24282puebel	10166233	0	0.882709	10595	692	0.116035	967	19	0.001256	00
24265puebel	24286puebel	10166233	0	0.879289	9047	726	0.118498	1452	31	0.002213	00
24266puebel	24282puebel	10166233	0	0.876562	10634	735	0.121566	1379	28	0.001872	00
24266puebel	24286puebel	10166233	0	0.882660	8317	693	0.115372	1397	27	0.001968	00
24267puebel	24282puebel	10166233	0	0.878599	10724	705	0.119196	966	33	0.002205	00
24267puebel	24286puebel	10166233	0	0.881508	12091	708	0.117331	1351	18	0.001161	00
24269puebel	24282puebel	10166233	0	0.883572	11844	689	0.114355	1463	29	0.002073	00
24269puebel	24286puebel	10166233	0	0.887522	8174	693	0.110967	1542	22	0.001510	00
24270puebel	24282puebel	10166233	0	0.895541	5821	656	0.102542	831	32	0.001917	00
24270puebel	24286puebel	10166233	0	0.892052	7795	670	0.106726	973	19	0.001223	00
24271puebel	24282puebel	10166233	0	0.881520	8400	702	0.116705	1372	25	0.001775	00
24271puebel	24286puebel	10166233	0	0.878971	9026	735	0.119226	1562	28	0.001803	00
24272puebel	24282puebel	10166233	0	0.893994	7348	651	0.104511	1327	23	0.001495	00
24272puebel	24286puebel	10166233	0	0.896689	7616	636	0.102159	1084	18	0.001152	00
24273puebel	24282puebel	10166233	0	0.882618	7100	702	0.115566	1424	28	0.001816	00
24273puebel	24286puebel	10166233	0	0.878475	9289	711	0.118935	3368	27	0.002591	00
24274puebel	24282puebel	10166233	0	0.886245	8402	655	0.111492	1374	35	0.002262	00
24274puebel	24286puebel	10166233	0	0.881394	12675	707	0.116281	1392	35	0.002325	00
24275puebel	24282puebel	10166233	0	0.882422	10541	707	0.115965	1020	26	0.001613	00
24275puebel	24286puebel	10166233	0	0.883137	9602	698	0.115526	1252	21	0.001338	00
24276puebel	24282puebel	10166233	0	0.898598	6492	638	0.100265	1196	17	0.001137	00
24276puebel	24286puebel	10166233	0	0.887432	10552	676	0.111201	1285	19	0.001367	00
24281puebel	24282puebel	10166233	0	0.885206	9694	708	0.112991	1657	27	0.001803	00
24281puebel	24286puebel	10166233	0	0.889371	7207	673	0.108997	1076	23	0.001631	00
24282puebel	24283puebel	10166233	0	0.882178	12481	681	0.116409	1255	22	0.001413	00
24282puebel	24290puebel	10166233	0	0.882416	9394	709	0.115399	1410	34	0.002185	00
24283puebel	24285puebel	10166233	0	0.900511	7418	628	0.098242	1167	18	0.001247	00
24283puebel	24299puebel	10166233	0	0.883094	7567	709	0.115678	1075	18	0.001228	00
24284puebel	24297puebel	10166233	0	0.893726	20806	653	0.104996	1125	20	0.001278	00
24285puebel	24297puebel	10166233	0	0.888744	20709	690	0.109621	2421	21	0.001635	00
24286puebel	24299puebel	10166233	0	0.873335	12032	735	0.124640	1615	28	0.002025	00
24202puebel	24300puebel	10166233	0	0.894033	8211	647	0.104751	1012	20	0.001216	00
24233puebel	24300puebel	10166233	0	0.896618	9687	638	0.102425	1260	15	0.000957	00
24238puebel	24300puebel	10166233	0	0.900406	7148	625	0.098584	925	16	0.001010	00
24243puebel	24300puebel	10166233	0	0.899971	6263	620	0.099058	1037	16	0.000971	00
24247puebel	24300puebel	10166233	0	0.895482	8635	643	0.103204	1388	20	0.001314	00
24251puebel	24300puebel	10166233	0	0.892026	9439	669	0.106830	855	19	0.001144	00
24261puebel	24300puebel	10166233	0	0.897218	10478	637	0.101809	1104	14	0.000973	00
24265puebel	24300puebel	10166233	0	0.895101	10317	642	0.102949	1081	30	0.001950	00
24270puebel	24300puebel	10166233	0	0.896746	8967	657	0.102489	735	13	0.000766	00
24274puebel	24300puebel	10166233	0	0.897631	6652	639	0.101432	961	15	0.000937	00
24282puebel	24300puebel	10166233	0	0.887890	8867	675	0.110962	1159	17	0.001147	00
24286puebel	24300puebel	10166233	0	0.897816	7084	628	0.101116	889	16	0.001068	00
24243puebel	24290puebel	10166233	0	0.895660	9993	653	0.102575	1333	26	0.001765	00
24244puebel	24283puebel	10166233	0	0.896801	8984	644	0.101923	1100	20	0.001277	00
24244puebel	24290puebel	10166233	0	0.894432	7472	649	0.105038	1079	8	0.000530	00
24245puebel	24283puebel	10166233	0	0.891609	7280	688	0.107054	1243	21	0.001337	00
24245puebel	24290puebel	10166233	0	0.887514	7638	694	0.111002	1132	24	0.001484	00
24246puebel	24283puebel	10166233	0	0.886494	12409	683	0.111287	1758	31	0.002219	00
24246puebel	24290puebel	10166233	0	0.888264	9448	675	0.109592	1445	31	0.002145	00
24247puebel	24283puebel	10166233	0	0.898197	6505	634	0.101270	1073	8	0.000534	00
24247puebel	24290puebel	10166233	0	0.893385	7154	677	0.105203	1418	21	0.001412	00
24248puebel	24283puebel	10166233	0	0.901765	7575	614	0.097420	887	12	0.000815	00
24248puebel	24290puebel	10166233	0	0.902120	8020	622	0.096891	1401	16	0.000988	00
24249puebel	24283puebel	10166233	0	0.877361	16672	716	0.120084	1799	35	0.002555	00
24249puebel	24290puebel	10166233	0	0.878086	13152	697	0.119868	1687	30	0.002046	00
24250puebel	24283puebel	10166233	0	0.898429	7930	652	0.100656	814	15	0.000916	00
24250puebel	24290puebel	10166233	0	0.896187	6819	645	0.102929	1312	14	0.000884	00
24251puebel	24283puebel	10166233	0	0.889420	8238	687	0.109438	844	19	0.001142	00
24251puebel	24290puebel	10166233	0	0.891486	7220	666	0.107018	1214	24	0.001495	00
24256puebel	24283puebel	10166233	0	0.901500	8427	606	0.097692	739	14	0.000808	00
24256puebel	24290puebel	10166233	0	0.904627	7361	625	0.094528	1202	13	0.000845	00
24259puebel	24283puebel	10166233	0	0.893855	11128	662	0.105214	963	14	0.000931	00
24259puebel	24290puebel	10166233	0	0.893826	5746	646	0.105124	1471	16	0.001050	00
24260puebel	24283puebel	10166233	0	0.891708	8220	675	0.106416	1291	28	0.001876	00
24260puebel	24290puebel	10166233	0	0.880847	8882	714	0.117903	1037	18	0.001250	00
24261puebel	24283puebel	10166233	0	0.887098	7264	677	0.111643	1278	18	0.001259	00
24261puebel	24290puebel	10166233	0	0.883350	7797	672	0.115402	953	20	0.001248	00
24262puebel	24283puebel	10166233	0	0.889161	8419	689	0.109480	979	21	0.001358	00
24262puebel	24290puebel	10166233	0	0.889835	10944	685	0.108322	1320	27	0.001843	00
24263puebel	24283puebel	10166233	0	0.902073	6267	636	0.096733	1047	19	0.001194	00
24263puebel	24290puebel	10166233	0	0.906452	6021	608	0.092469	937	17	0.001078	00
24264puebel	24283puebel	10166233	0	0.896855	7618	639	0.101940	1365	18	0.001205	00
24264puebel	24290puebel	10166233	0	0.895781	9057	647	0.102964	1227	19	0.001255	00
24265puebel	24283puebel	10166233	0	0.892781	12299	668	0.106035	1089	17	0.001185	00
24265puebel	24290puebel	10166233	0	0.880760	8016	697	0.117794	2344	20	0.001446	00
24266puebel	24283puebel	10166233	0	0.893714	8138	655	0.104481	1172	28	0.001805	00
24266puebel	24290puebel	10166233	0	0.878811	14073	730	0.118802	2084	35	0.002387	00
24267puebel	24283puebel	10166233	0	0.879120	14673	691	0.118663	1245	35	0.002218	00
24267puebel	24290puebel	10166233	0	0.877529	14810	721	0.120559	1785	29	0.001912	00
24269puebel	24283puebel	10166233	0	0.879683	13452	675	0.118107	1256	33	0.002210	00
24269puebel	24290puebel	10166233	0	0.878058	22253	668	0.119161	3566	35	0.002782	00
24270puebel	24283puebel	10166233	0	0.882917	15598	695	0.114472	1092	40	0.002612	00
24270puebel	24290puebel	10166233	0	0.885061	12453	672	0.113572	1435	19	0.001366	00
24271puebel	24283puebel	10166233	0	0.881749	6267	719	0.117095	1259	18	0.001156	00
24271puebel	24290puebel	10166233	0	0.888425	8238	678	0.110157	2590	21	0.001419	00
24272puebel	24283puebel	10166233	0	0.896004	6765	646	0.102754	993	20	0.001242	00
24272puebel	24290puebel	10166233	0	0.895726	9549	657	0.102685	1123	25	0.001589	00
24273puebel	24283puebel	10166233	0	0.882803	8431	687	0.115750	1806	21	0.001448	00
24273puebel	24290puebel	10166233	0	0.884539	10712	675	0.114180	1633	18	0.001281	00
24274puebel	24283puebel	10166233	0	0.887344	8214	708	0.111484	1399	17	0.001172	00
24274puebel	24290puebel	10166233	0	0.885053	7040	677	0.113540	2246	20	0.001407	00
24275puebel	24283puebel	10166233	0	0.882856	17031	683	0.115540	1005	26	0.001604	00
24275puebel	24290puebel	10166233	0	0.879560	17699	686	0.117946	2470	36	0.002494	00
24276puebel	24283puebel	10166233	0	0.897047	6848	655	0.101670	1268	19	0.001284	00
24276puebel	24290puebel	10166233	0	0.891974	9004	663	0.106446	1108	24	0.001580	00
24281puebel	24283puebel	10166233	0	0.897121	7435	623	0.101153	1086	28	0.001726	00
24281puebel	24290puebel	10166233	0	0.885259	9285	699	0.113531	782	21	0.001210	00
24282puebel	24284puebel	10166233	0	0.888867	18663	661	0.109330	1330	26	0.001803	00
24282puebel	24297puebel	10166233	0	0.899102	8226	637	0.099235	1397	25	0.001663	00
24283puebel	24286puebel	10166233	0	0.885247	10287	676	0.113115	1295	23	0.001637	00
24284puebel	24285puebel	10166233	0	0.898620	8796	630	0.099692	1009	27	0.001688	00
24284puebel	24299puebel	10166233	0	0.877180	24628	688	0.121342	945	23	0.001478	00
24285puebel	24299puebel	10166233	0	0.896107	9937	629	0.102058	2237	25	0.001835	00
24290puebel	24297puebel	10166233	0	0.901611	6264	611	0.096974	1255	20	0.001415	00
24222puebel	24300puebel	10166233	0	0.890981	7887	679	0.107789	1504	17	0.001230	00
24235puebel	24300puebel	10166233	0	0.896615	6994	660	0.102513	1172	13	0.000872	00
24239puebel	24300puebel	10166233	0	0.892822	11393	665	0.106072	1264	16	0.001106	00
24244puebel	24300puebel	10166233	0	0.897943	9373	642	0.101374	1030	10	0.000684	00
24248puebel	24300puebel	10166233	0	0.899602	10423	602	0.099374	956	17	0.001025	00
24256puebel	24300puebel	10166233	0	0.903944	7606	610	0.095163	1109	14	0.000893	00
24262puebel	24300puebel	10166233	0	0.896773	6082	647	0.102177	734	18	0.001049	00
24266puebel	24300puebel	10166233	0	0.892772	7368	683	0.106104	1047	18	0.001124	00
24271puebel	24300puebel	10166233	0	0.892652	10250	678	0.106081	1052	19	0.001268	00
24275puebel	24300puebel	10166233	0	0.892756	10779	663	0.106175	1146	16	0.001069	00
24283puebel	24300puebel	10166233	0	0.893098	6683	668	0.105750	946	19	0.001153	00
24290puebel	24300puebel	10166233	0	0.896946	5944	635	0.102050	946	17	0.001004	00
