ID1;id1
24202puebel;0
24222puebel;1
24230puebel;2
24231puebel;3
24233puebel;4
24235puebel;5
24236puebel;6
24237puebel;7
24238puebel;8
24239puebel;9
24241puebel;10
24242puebel;11
24243puebel;12
24244puebel;13
24245puebel;14
24246puebel;15
24247puebel;16
24248puebel;17
24249puebel;18
24250puebel;19
24251puebel;20
24256puebel;21
24259puebel;22
24260puebel;23
24261puebel;24
24262puebel;25
24263puebel;26
24264puebel;27
24265puebel;28
24266puebel;29
24267puebel;30
24269puebel;31
24270puebel;32
24271puebel;33
24272puebel;34
24273puebel;35
24274puebel;36
24275puebel;37
24276puebel;38
24281puebel;39
24282puebel;40
24283puebel;41
24284puebel;42
24285puebel;43
24286puebel;44
24290puebel;45
24297puebel;46
24299puebel;47
24300puebel;48
